{"v":[[0.5997753618165788,-0.37018447577738584,0],[3.893926370403447e-15,0.6698361586328134,0],[-0.5997753618165805,-0.3701844757773805,0],[1.2114935468371005e-15,-0.021468401010291124,0.9790139036523172],[1.0012203930647556,0.5542837153833189,0.6501787824783692],[-1.0012203930647483,0.5542837153833279,0.6501787824783696]],"v0":[[0.5997753618165788,-0.37018447577738584,0],[3.893926370403447e-15,0.6698361586328134,0],[-0.5997753618165805,-0.3701844757773805,0],[1.2114935468371005e-15,-0.021468401010291124,0.9790139036523172],[1.0012203930647556,0.5542837153833189,0.6501787824783692],[-1.0012203930647483,0.5542837153833279,0.6501787824783696]],"e":[[0,1],[1,2],[2,0],[0,3],[1,3],[2,3],[0,4],[1,4],[3,4],[1,5],[2,5],[3,5]],"fixedVs":[false,false,false,false,false,false],"lMax":[1.7142857142857144,1.7142857142857144,1.7142857142857144,1.7142857142857144,1.7142857142857144,1.7142857142857144,1.7142857142857144,1.7142857142857144,1.7142857142857144,1.7142857142857144,1.7142857142857144,1.7142857142857144],"edgeChannel":[0,0,0,2,0,1,2,1,1,2,1,2],"edgeActive":[true,true,true,true,true,true,true,true,true,true,true,true],"script":[[false],[false],[false],[false],[false]],"maxContraction":[0.3,0.3,0.3,0.3,0.3,0.3,0.3,0.3,0.3,0.3,0.3,0.3],"vStatus":[0,0,0,0,0,0],"eStatus":[0,0,0,0,0,0,0,0,0,0,0,0],"fStatus":[0,0,0,0],"euler":{"_x":0,"_y":0,"_z":0,"_order":"XYZ"},"numChannels":5,"numActions":1,"inflateChannel":[false,false,false,false,false],"contractionPercent":[1,1,1,1,1],"v_frames":[]}