{"v":[[-0.9183557848966931,-4.807823685080837e-13,1.3778074241263552],[0.5678523309109024,0.8565635172347783,1.3744990721950938],[0.5678523309109245,-0.8565635172357079,1.3744990721950923],[0.07086233639474675,-4.70798737914692e-13,2.774412973578204],[-0.7497384275507519,1.4316815088206436,2.3048111915936147],[-0.7497384275507198,-1.4316815088216017,2.3048111915936156],[-0.8076087478006316,1.5185436871247784,0.592541743898748],[-0.8076087478005954,-1.5185436871257394,0.5925417438987478],[1.7204923437305635,-4.507844749603777e-13,2.3102364745889266],[1.8336936938651176,-4.5012884663007574e-13,0.5987011857197934],[2.1825965705165937,-1.4270213125837243,1.4840521695438336],[2.182596570516564,1.4270213125828342,1.484052169543834],[1.33604158175194,-1.5286311238340968,0],[1.3360415817519045,1.5286311238331858,0],[-2.217921081593086,1.1150621933341662,1.480289972787805],[-2.2179210815930577,-1.1150621933351574,1.4802899727878043],[-1.8836317740568136,0.3216360589119256,0],[-1.883631774056806,-0.32163605891291003,0]],"v0":[[-0.9183557848966931,-4.807823685080837e-13,1.3778074241263552],[0.5678523309109024,0.8565635172347783,1.3744990721950938],[0.5678523309109245,-0.8565635172357079,1.3744990721950923],[0.07086233639474675,-4.70798737914692e-13,2.774412973578204],[-0.7497384275507519,1.4316815088206436,2.3048111915936147],[-0.7497384275507198,-1.4316815088216017,2.3048111915936156],[-0.8076087478006316,1.5185436871247784,0.592541743898748],[-0.8076087478005954,-1.5185436871257394,0.5925417438987478],[1.7204923437305635,-4.507844749603777e-13,2.3102364745889266],[1.8336936938651176,-4.5012884663007574e-13,0.5987011857197934],[2.1825965705165937,-1.4270213125837243,1.4840521695438336],[2.182596570516564,1.4270213125828342,1.484052169543834],[1.33604158175194,-1.5286311238340968,0],[1.3360415817519045,1.5286311238331858,0],[-2.217921081593086,1.1150621933341662,1.480289972787805],[-2.2179210815930577,-1.1150621933351574,1.4802899727878043],[-1.8836317740568136,0.3216360589119256,0],[-1.883631774056806,-0.32163605891291003,0]],"e":[[2,1],[2,0],[1,0],[2,3],[1,3],[0,3],[1,4],[0,4],[3,4],[0,5],[2,5],[3,5],[1,6],[0,6],[4,6],[0,7],[2,7],[5,7],[2,8],[1,8],[3,8],[2,9],[1,9],[8,9],[8,10],[2,10],[9,10],[1,11],[8,11],[9,11],[2,12],[9,12],[10,12],[9,13],[1,13],[11,13],[0,14],[4,14],[6,14],[5,15],[0,15],[7,15],[6,16],[0,16],[14,16],[0,17],[7,17],[15,17]],"fixedVs":[false,false,false,false,false,false,false,false,false,false,false,false,false,false,false,false,false,false],"lMax":[1.7142857142857144,1.7142857142857144,1.7142857142857144,1.7142857142857144,1.7142857142857144,1.7142857142857144,1.7142857142857144,1.7142857142857144,1.7142857142857144,1.7142857142857144,1.7142857142857144,1.7142857142857144,1.7142857142857144,1.7142857142857144,1.7142857142857144,1.7142857142857144,1.7142857142857144,1.7142857142857144,1.7142857142857144,1.7142857142857144,1.7142857142857144,1.7142857142857144,1.7142857142857144,1.7142857142857144,1.7142857142857144,1.7142857142857144,1.7142857142857144,1.7142857142857144,1.7142857142857144,1.7142857142857144,1.7142857142857144,1.7142857142857144,1.7142857142857144,1.7142857142857144,1.7142857142857144,1.7142857142857144,1.7142857142857144,1.7142857142857144,1.7142857142857144,1.7142857142857144,1.7142857142857144,1.7142857142857144,1.7142857142857144,1.7142857142857144,1.7142857142857144,1.7142857142857144,1.7142857142857144,1.7142857142857144],"edgeChannel":[0,0,0,0,0,0,0,0,0,0,0,0,0,0,0,0,0,0,0,0,0,0,0,0,0,0,0,0,0,0,0,0,0,0,0,0,0,0,0,0,0,0,0,0,0,0,0,0],"edgeActive":[true,true,true,true,true,true,true,true,true,true,true,true,true,true,true,true,true,true,true,true,true,true,true,true,true,true,true,true,true,true,true,true,true,true,true,true,true,true,true,true,true,true,true,true,true,true,true,true],"script":[[true],[false],[0],[false]],"maxContraction":[0.3,0.3,0.3,0.3,0.3,0.3,0.3,0.3,0.3,0.3,0.3,0.3,0.3,0.3,0.3,0.3,0.3,0.3,0.3,0.3,0.3,0.3,0.3,0.3,0.3,0.3,0.3,0.3,0.3,0.3,0.3,0.3,0.3,0.3,0.3,0.3,0.3,0.3,0.3,0.3,0.3,0.3,0.3,0.3,0.3,0.3,0.3,0.3],"vStatus":[0,0,0,0,0,0,0,0,0,0,0,0,0,0,0,0,0,0],"eStatus":[0,0,0,0,0,0,0,0,0,0,0,0,0,0,0,0,0,0,0,0,0,0,0,0,0,0,0,0,0,0,0,0,0,0,0,0,0,0,0,0,0,0,0,0,0,0,0,0],"fStatus":[],"euler":{"_x":0,"_y":0,"_z":0,"_order":"XYZ"},"numChannels":4,"numActions":1,"inflateChannel":[true,false,0,false,false],"contractionPercent":[0,1,1,1,1],"v_frames":[]}