{"v":[[-0.6182827809060447,-0.004327584284426339,2.4562218099557827],[0.9601679097798308,-0.004330021421166849,1.5621185651910943],[0.23462229084389674,-1.4140561623917483,2.3847601169463344],[-0.543379847207519,-0.8015298948075702,0.999983456680777],[0.8639093480955697,-1.6386147194622274,0.8269412387718623],[-0.6297959597699255,-1.806606137364997,1.6495292839674272],[-0.27087028494451015,-1.8602051802243331,0.505198194115085],[-0.5433774105160112,0.7928745285737764,0.9999834037382607],[0.23462665554360115,1.4053984485605637,2.384760127797705],[0.8639143399926938,1.6299550617434544,0.8269412318361963],[-0.6297904399322246,1.7979510774082335,1.6495292971075268],[-0.2708645715409672,1.8515489966172252,0.5051981880712756],[2.6687200146721595,-0.004332608713283049,2.100010968280452],[3.7834487213456285,-0.0043343162019625755,0.7973198471417173],[3.510287041429836,-1.4383616863622093,1.6993665618090235],[2.284854386870703,-0.8251735812940104,0.6650830238859451],[3.700687310263171,-1.5216106724585643,0],[2.5179274167321237,-1.8779469973391092,1.1930219916332556],[2.531802817242681,-1.7926127536366656,0],[2.284856900662879,0.8165095864226221,0.6650830508119877],[3.5102915122950438,1.4296939018050738,1.6993665426968478],[3.7006919695957743,1.512942291398844,0],[2.51793314202968,1.8692822299321519,1.1930219461713816],[2.5318083078042313,1.7839479624617745,0],[1.8633142841345296,-1.4345835545348655,2.1828934793535177],[1.863318679490405,1.4259208051693224,2.182893486238112],[-1.9198135623377917,1.6401790556300715,0.6915117667986205],[-1.4658271909244598,1.3992637091352365,2.3028850922236503],[-3.0640001347864687,1.4153931417989492,1.9208897870858226],[-1.919818640611624,-1.648830174209668,0.6915117389275287],[-1.4658314949217457,-1.4079162032312547,2.3028850781798877],[-3.0640045115117998,-1.424040739797301,1.9208898091190068],[-2.0958985764141147,-0.004325318688413308,1.3971146925821867],[-3.3013532854414174,0.8186828894720651,0.34997182445081676],[-3.6105795299865027,1.8200781548267566,0.9349546234220407],[-2.8669584808520243,1.882060687478917,0],[-3.865844302338122,-0.004322591422936781,1.7184921340648727],[-3.3013557927916386,-0.8273297624477571,0.34997184289775507],[-3.6105851182663042,-1.8287240842466759,0.9349546177311812],[-2.8669642723792323,-1.890708902764288,0]],"v0":[[-0.6182827809060447,-0.004327584284426339,2.4562218099557827],[0.9601679097798308,-0.004330021421166849,1.5621185651910943],[0.23462229084389674,-1.4140561623917483,2.3847601169463344],[-0.543379847207519,-0.8015298948075702,0.999983456680777],[0.8639093480955697,-1.6386147194622274,0.8269412387718623],[-0.6297959597699255,-1.806606137364997,1.6495292839674272],[-0.27087028494451015,-1.8602051802243331,0.505198194115085],[-0.5433774105160112,0.7928745285737764,0.9999834037382607],[0.23462665554360115,1.4053984485605637,2.384760127797705],[0.8639143399926938,1.6299550617434544,0.8269412318361963],[-0.6297904399322246,1.7979510774082335,1.6495292971075268],[-0.2708645715409672,1.8515489966172252,0.5051981880712756],[2.6687200146721595,-0.004332608713283049,2.100010968280452],[3.7834487213456285,-0.0043343162019625755,0.7973198471417173],[3.510287041429836,-1.4383616863622093,1.6993665618090235],[2.284854386870703,-0.8251735812940104,0.6650830238859451],[3.700687310263171,-1.5216106724585643,0],[2.5179274167321237,-1.8779469973391092,1.1930219916332556],[2.531802817242681,-1.7926127536366656,0],[2.284856900662879,0.8165095864226221,0.6650830508119877],[3.5102915122950438,1.4296939018050738,1.6993665426968478],[3.7006919695957743,1.512942291398844,0],[2.51793314202968,1.8692822299321519,1.1930219461713816],[2.5318083078042313,1.7839479624617745,0],[1.8633142841345296,-1.4345835545348655,2.1828934793535177],[1.863318679490405,1.4259208051693224,2.182893486238112],[-1.9198135623377917,1.6401790556300715,0.6915117667986205],[-1.4658271909244598,1.3992637091352365,2.3028850922236503],[-3.0640001347864687,1.4153931417989492,1.9208897870858226],[-1.919818640611624,-1.648830174209668,0.6915117389275287],[-1.4658314949217457,-1.4079162032312547,2.3028850781798877],[-3.0640045115117998,-1.424040739797301,1.9208898091190068],[-2.0958985764141147,-0.004325318688413308,1.3971146925821867],[-3.3013532854414174,0.8186828894720651,0.34997182445081676],[-3.6105795299865027,1.8200781548267566,0.9349546234220407],[-2.8669584808520243,1.882060687478917,0],[-3.865844302338122,-0.004322591422936781,1.7184921340648727],[-3.3013557927916386,-0.8273297624477571,0.34997184289775507],[-3.6105851182663042,-1.8287240842466759,0.9349546177311812],[-2.8669642723792323,-1.890708902764288,0]],"e":[[31,32],[0,8],[9,10],[23,19],[7,27],[2,24],[29,3],[30,3],[32,3],[16,13],[27,0],[10,7],[19,15],[4,6],[34,33],[28,32],[8,1],[26,28],[1,3],[2,3],[33,36],[31,37],[8,10],[27,26],[19,25],[14,17],[15,16],[16,17],[12,19],[32,27],[25,9],[37,29],[16,14],[29,39],[31,38],[9,1],[19,1],[12,1],[35,34],[28,34],[26,32],[37,36],[32,37],[2,5],[3,4],[39,37],[9,11],[11,10],[22,19],[16,18],[18,17],[1,15],[21,22],[19,21],[24,15],[25,12],[36,31],[7,26],[20,13],[1,25],[33,26],[19,9],[21,13],[8,7],[17,15],[18,15],[12,14],[4,5],[31,30],[36,32],[7,3],[27,28],[30,32],[33,37],[4,2],[26,34],[6,5],[29,31],[39,38],[29,32],[12,24],[4,15],[7,9],[20,22],[20,19],[21,20],[36,28],[11,7],[13,15],[14,15],[30,29],[7,1],[0,1],[28,33],[35,33],[38,37],[7,32],[0,32],[9,8],[21,23],[23,22],[12,20],[25,8],[0,30],[24,4],[29,38],[19,13],[12,13],[24,1],[5,3],[6,3],[0,2],[32,33],[2,1],[3,0],[4,1],[14,13],[15,12],[0,7],[26,35],[8,27],[2,30],[20,25],[14,24]],"fixedVs":[false,false,false,false,false,false,false,false,false,false,false,false,false,false,false,false,false,false,false,false,false,false,false,false,false,false,false,false,false,false,false,false,false,false,false,false,false,false,false,false],