{"v":[[-1.7540725661928425,-7.7215828845880825,2.7155239795300017],[-0.2856762614793659,-7.515290757071556,1.7307659019007149],[-0.747838706542924,-9.04180756603007,2.47865121504097],[-1.7359344696232495,-8.489875796690598,1.22893283350643],[-0.21807788837600695,-9.041310771069464,0.8445596035490235],[-1.4436519086454698,-10.089302479112035,1.4282806117461233],[-1.1055500954643929,-9.37540117636664,0],[-1.892238935589347,-6.896527107737811,1.2719703239737956],[-1.1164692228977995,-6.194410721429499,2.599102006544866],[-0.5452556486602472,-5.919572648117346,1.0317316687301286],[-2.0483091373579385,-5.760082292853913,1.8266783549271295],[-2.1086426097480704,-5.864458388198039,0.5504300887223315],[1.2209705131644493,-7.425669057857902,2.454579509792118],[2.495843957653885,-7.18581269031587,1.4172869710756928],[2.089487091211816,-8.784232967042414,2.0280888440363802],[1.1291378146746784,-8.057237777401815,0.8207694566439397],[2.674707090019859,-8.60535756544985,0.432359656301892],[1.2803973801119335,-9.276093792119527,1.207528776458802],[1.1336778014768005,-9.01050968566125,0],[1.007640532382522,-6.48333066483387,0.9722695547984119],[1.7480173403434287,-5.876776372705097,2.379620591140701],[2.4498291221502737,-5.550510979708664,0.8799557915021767],[0.9225279901230549,-4.893193213318319,1.3978947416206309],[1.5941862086783405,-5.304407558687434,0],[0.854044490766985,-8.962216139085951,2.150716968963858],[0.49117271940868357,-5.969126743293798,2.41743051101986],[-3.3803347114688735,-6.23084448615973,1.1004378334806701],[-2.7844222531908636,-6.430113838632392,2.6665655354362463],[-4.398776823598833,-6.55693547805441,2.3906629043877556],[-3.0527596965756807,-9.511221251026244,1.107862142052882],[-2.423567280453599,-9.208005103713766,2.6259593800819636],[-4.0440504166781075,-9.347344933406088,2.496267495256205],[-3.3136339764565244,-7.880419086194738,1.8029072775971917],[-4.676205395117658,-7.235169905362701,0.8557698649911377],[-5.003304834351595,-5.659818145734304,1.164677627733327],[-3.937910767753966,-6.0550776483718245,0],[-5.041506293816902,-8.051005035353905,2.306916309179489],[-4.550372391002537,-8.882271232213581,0.9421377299172513],[-4.644448110569426,-9.989615500489197,1.5994574847101097],[-4.238906537186499,-9.673937013057786,0]],"e":[[31,32],[0,8],[9,10],[23,19],[7,27],[2,24],[29,3],[30,3],[32,3],[16,13],[27,0],[10,7],[19,15],[4,6],[34,33],[28,32],[8,1],[26,28],[1,3],[2,3],[33,36],[31,37],[8,10],[27,26],[19,25],[14,17],[15,16],[16,17],[12,19],[32,27],[25,9],[37,29],[16,14],[29,39],[31,38],[9,1],[19,1],[12,1],[35,34],[28,34],[26,32],[37,36],[32,37],[2,5],[3,4],[39,37],[9,11],[11,10],[22,19],[16,18],[18,17],[1,15],[21,22],[19,21],[24,15],[25,12],[36,31],[7,26],[20,13],[1,25],[33,26],[19,9],[21,13],[8,7],[17,15],[18,15],[12,14],[4,5],[31,30],[36,32],[7,3],[27,28],[30,32],[33,37],[4,2],[26,34],[6,5],[29,31],[39,38],[29,32],[12,24],[4,15],[7,9],[20,22],[20,19],[21,20],[36,28],[11,7],[13,15],[14,15],[30,29],[7,1],[0,1],[28,33],[35,33],[38,37],[7,32],[0,32],[9,8],[21,23],[23,22],[12,20],[25,8],[0,30],[24,4],[29,38],[19,13],[12,13],[24,1],[5,3],[6,3],[0,2],[32,33],[2,1],[3,0],[4,1],[14,13],[15,12],[0,7],[26,35],[8,27],[2,30],[20,25],[14,24]],"lMax":[1.7142857142857144,1.7142857142857144,1.7142857142857144,1.7142857142857144,1.7142857142857144,1.7142857142857144,1.7142857142857144,1.7142857142857144,1.7142857142857144,1.7142857142857144,1.7142857142857144,1.7142857142857144,1.7142857142857144,1.7142857142857144,1.7142857142857144,1.7142857142857144,1.7142857142857144,1.7142857142857144,1.7142857142857144,1.7142857142857144,1.7142857142857144,1.7142857142857144,1.7142857142857144,1.7142857142857144,1.7142857142857144,1.7142857142857144,1.7142857142857144,1.7142857142857144,1.7142857142857144,1.7142857142857144,1.7142857142857144,1.7142857142857144,1.7142857142857144,1.7142857142857144,1.7142857142857144,1.7142857142857144,1.7142857142857144,1.7142857142857144,1.7142857142857144,1.7142857142857144,1.7142857142857144,1.7142857142857144,1.7142857142857144,1.7142857142857144,1.7142857142857144,1.7142857142857144,1.7142857142857144,1.7142857142857144,1.7142857142857144,1.7142857142857144,1.7142857142857144,1.7142857142857144,1.7142857142857144,1.7142857142857144,1.7142857142857144,1.7142857142857144,1.7142857142857144,1.7142857142857144,1.7142857142857144,1.7142857142857144,1.7142857142857144,1.7142857142857144,1.7142857142857144,1.7142857142857144,1.7142857142857144,1.7142857142857144,1.7142857142857144,1.7142857142857144,1.7142857142857144,1.7142857142857144,1.7142857142857144,1.7142857142857144,1.7142857142857144,1.7142857142857144,1.7142857142857144,1.7142857142857144,1.7142857142857144,1.7142857142857144,1.7142857142857144,1.7142857142857144,1.7142857142857144,1.7142857142857144,1.7142857142857144,1.7142857142857144,1.7142857142857144,1.7142857142857144,1.7142857142857144,1.7142857142857144,1.7142857142857144,1.7142857142857144,1.7142857142857144,1.7142857142857144,1.7142857142857144,1.7142857142857144,1.7142857142857144,1.7142857142857144,1.7142857142857144,1.7142857142857144,1.7142857142857144,1.7142857142857144,1.7142857142857144,1.7142857142857144,1.7142857142857144,1.7142857142857144,1.7142857142857144,1.7142857142857144,1.7142857142857144,1.7142857142857144,1.7142857142857144,1.7142857142857144,1.7142857142857144,1.7142857142857144,1.7142857142857144,1.7142857142857144,1.7142857142857144,1.7142857142857144,1.7142857142857144,1.7142857142857144,1.7142857142857144,1.7142857142857144,1.7142857142857144,1.7142857142857144,1.2,1.2],"maxContraction":[0.3,0.3,0.3,0.3,0.3,0.3,0.3,0.3,0.3,0.3,0.3,0.3,0.3,0.3,0.3,0.3,0.3,0.3,0.3,0.3,0.3,0.3,0.3,0.3,0.3,0.3,0.3,0.3,0.3,0.3,0.3,0.3,0.3,0.3,0.3,0.3,0.3,0.3,0.3,0.3,0.3,0.3,0.3,0.3,0.3,0.3,0.3,0.3,0.3,0.3,0.3,0.3,0.3,0.3,0.3,0.3,0.3,0.3,0.3,0.3,0.3,0.3,0.3,0.3,0.3,0.3,0.3,0.3,0.3,0.3,0.3,0.3,0.3,0.3,0.3,0.3,0.3,0.3,0.3,0.3,0.3,0.3,0.3,0.3,0.3,0.3,0.3,0.3,0.3,0.3,0.3,0.3,0.3,0.3,0.3,0.3,0.3,0.3,0.3,0.3,0.3,0.3,0.3,0.3,0.3,0.3,0.3,0.3,0.3,0.3,0.3,0.3,0.3,0.3,0.3,0.3,0.3,0.3,0.3,0.3,0.3,0.3,0.3,0.3],"fixedVs":[false,false,false,false,false,false,false,false,false,false,false,false,false,false,false,false,false,false,false,false,false,false,false,false,false,false,false,false,false,false,false,false,false,false,false,false,false,false,false,false],"edgeChannel":[2,0,0,1,0,0,1,0,0,1,0,2,0,2,1,1,0,0,1,0,0,0,2,0,0,2,0,0,0,0,0,0,0,1,2,1,0,0,1,1,2,0,0,1,0,2,1,2,1,1,2,0,0,0,0,0,0,2,0,0,0,1,2,0,2,2,0,0,0,0,0,0,0,0,0,0,1,0,2,1,0,2,0,1,0,0,0,2,2,0,0,2,0,0,1,2,0,0,0,2,1,0,0,0,0,0,1,0,0,1,1,0,0,0,0,2,0,0,0,2,0,0,0,0],"edgeActive":[false,false,false,true,false,false,false,false,false,false,false,true,false,true,true,false,false,false,false,false,false,false,true,false,false,true,false,false,false,false,false,false,false,true,true,false,false,false,true,true,false,false,false,true,false,true,true,true,true,true,true,false,false,false,false,false,false,false,false,false,false,false,false,false,true,true,false,false,false,false,false,false,false,false,false,false,true,false,true,false,false,false,false,true,false,false,false,true,false,false,false,false,false,false,true,true,false,false,false,true,true,false,false,false,false,false,false,false,false,true,true,false,false,false,false,false,false,false,false,true,false,false,false,false]}