{"v":[[0.3609105190687969,9.765603398026693,1.3821796391305678],[1.1998171086525928,8.27054022570125,1.3820013393360473],[-0.5142785452750885,8.291485947840373,1.3820013393360473],[0.3488174021931194,8.775961745122475,2.781720448742318],[1.7875261361448886,9.58300290610989,2.3149877208417444],[-1.0697410921171293,9.617917833583896,2.3149877208417413],[1.882979011067241,9.636981930663381,0.6041500447366365],[-1.1638464478519275,9.67421320146364,0.6041500447366346],[0.32866159436051934,7.126508822097018,2.3152784285765042],[0.3273157823378891,7.016374135707146,0.6044807590015269],[-1.105321087387612,6.685573359100989,1.485997397279587],[1.7514415100650174,6.650664598060397,1.4859973972795844],[-1.1905222399397373,7.535761435719484,0],[1.8573921937116906,7.49851685798265,0],[1.4880513406505134,11.053161524931646,1.4857985835867398],[-0.7344313101536374,11.080319579942223,1.485798583586739],[0.7003063981736659,10.721052403155435,0],[0.04496308286564756,10.72906049707757,0]],"e":[[2,1],[2,0],[1,0],[2,3],[1,3],[0,3],[1,4],[0,4],[3,4],[0,5],[2,5],[3,5],[1,6],[0,6],[4,6],[0,7],[2,7],[5,7],[2,8],[1,8],[3,8],[2,9],[1,9],[8,9],[8,10],[2,10],[9,10],[1,11],[8,11],[9,11],[2,12],[9,12],[10,12],[9,13],[1,13],[11,13],[0,14],[4,14],[6,14],[5,15],[0,15],[7,15],[6,16],[0,16],[14,16],[0,17],[7,17],[15,17]],"lMax":[1.7142857142857144,1.7142857142857144,1.7142857142857144,1.7142857142857144,1.7142857142857144,1.7142857142857144,1.7142857142857144,1.7142857142857144,1.7142857142857144,1.7142857142857144,1.7142857142857144,1.7142857142857144,1.7142857142857144,1.7142857142857144,1.7142857142857144,1.7142857142857144,1.7142857142857144,1.7142857142857144,1.7142857142857144,1.7142857142857144,1.7142857142857144,1.7142857142857144,1.7142857142857144,1.7142857142857144,1.7142857142857144,1.7142857142857144,1.7142857142857144,1.7142857142857144,1.7142857142857144,1.7142857142857144,1.7142857142857144,1.7142857142857144,1.7142857142857144,1.7142857142857144,1.7142857142857144,1.7142857142857144,1.7142857142857144,1.7142857142857144,1.7142857142857144,1.7142857142857144,1.7142857142857144,1.7142857142857144,1.7142857142857144,1.7142857142857144,1.7142857142857144,1.7142857142857144,1.7142857142857144,1.7142857142857144],"maxContraction":[0.35,0.35,0.35,0,0,0.35,0.35,0.35,0.35,0.35,0.35,0.35,0.35,0.35,0.35,0.35,0.35,0.35,0.35,0.35,0.35,0.35,0.35,0.35,0.35,0.35,0.35,0.35,0.35,0.35,0.35,0.35,0.35,0.35,0.35,0.35,0.35,0.35,0.35,0.35,0.35,0.35,0.35,0,0.35,0,0.35,0.35],"fixedVs":[false,false,false,false,false,false,false,false,false,false,false,false,false,false,false,false,false,false],"edgeChannel":[0,0,0,2,1,0,0,0,2,0,0,1,2,2,2,1,1,1,0,0,0,0,0,0,2,2,0,1,1,0,0,0,2,0,0,1,0,0,0,0,0,0,2,0,0,0,1,0],"edgeActive":[false,false,false,true,true,true,false,false,true,false,false,true,true,true,true,true,true,true,false,false,true,false,false,true,true,true,false,true,true,false,false,false,true,false,false,true,false,true,false,true,false,false,true,true,true,true,true,true]}