{"v":[[0.366794065826525,10.245320766301928,0.4810841762380815],[1.20591718725146,8.765436658729723,0.6922498203016489],[-0.5082405540741814,8.786383139557746,0.6922498203016472],[0.357256189620209,9.464787536443845,2.0073385490851097],[1.3278579264959591,9.99678369468932,1.8787111262080616],[-0.6000560102952638,10.020342210537365,1.8787111262080594],[1.372312855954521,9.864248526939726,0.7732289472807801],[-0.6477362600889923,9.888932906364552,0.7732289472807832],[0.336494482693413,7.765750789226228,1.780141279873018],[0.3321912210276386,7.413592860746572,0.10242205762929786],[-0.6902760292666682,7.92775843650451,1.3787331455718417],[1.3669171800611588,7.9026201676743595,1.3787331455718412],[-1.2631022933058895,7.247316698408581,0.7075388654749178],[1.9229453046875153,7.208384175852671,0.707538865474916],[1.2856369552751465,11.538632277890407,1.1305828998732568],[-0.5201714402477233,11.560698701547928,1.1305828998732563],[2.0182676424918067,10.421456155683154,0.05636443892941082],[-1.2798823874809115,10.461758535508102,0.05636443892941218]],"v0":[[0.36094271108235376,9.766474457251542,1.3823029249405676],[1.1999241283336128,8.271277930281752,1.3821246092423007],[-0.51432441720463,8.292225520709371,1.3821246092423007],[0.3488485155410186,8.776744531615376,2.781968568920772],[1.7876855775093479,9.583857677980392,2.3151942100188556],[-1.069836509451677,9.618775719749381,2.3151942100188525],[1.8831469665095149,9.63784151728269,0.6042039329039326],[-1.1639502590700765,9.675076108988023,0.6042039329039307],[0.3286909098776413,7.127144482895173,2.3154849436837748],[0.3273449778130711,7.016999972858913,0.6045346766674315],[-1.1054196783389694,6.686169689927717,1.486129943287063],[1.751597732801283,6.651257815142168,1.4861299432870603],[-1.190628430549495,7.536433600484662,0],[1.8575578668952668,7.499185700655818,0],[1.4881840698628819,11.054147430043457,1.485931111860698],[-0.734496818974921,11.081307907461886,1.4859311118606973],[0.7003688631667122,10.722008685242187,0],[0.04496709342254932,10.73001749345957,0]],"e":[[2,1],[2,0],[1,0],[2,3],[1,3],[0,3],[1,4],[0,4],[3,4],[0,5],[2,5],[3,5],[1,6],[0,6],[4,6],[0,7],[2,7],[5,7],[2,8],[1,8],[3,8],[2,9],[1,9],[8,9],[8,10],[2,10],[9,10],[1,11],[8,11],[9,11],[2,12],[9,12],[10,12],[9,13],[1,13],[11,13],[0,14],[4,14],[6,14],[5,15],[0,15],[7,15],[6,16],[0,16],[14,16],[0,17],[7,17],[15,17]],"fixedVs":[false,false,false,false,false,false,false,false,false,false,false,false,false,false,false,false,false,false],"lMax":[1.7142857142857144,1.7142857142857144,1.7142857142857144,1.7142857142857144,1.7142857142857144,1.7142857142857144,1.7142857142857144,1.7142857142857144,1.7142857142857144,1.7142857142857144,1.7142857142857144,1.7142857142857144,1.7142857142857144,1.7142857142857144,1.7142857142857144,1.7142857142857144,1.7142857142857144,1.7142857142857144,1.7142857142857144,1.7142857142857144,1.7142857142857144,1.7142857142857144,1.7142857142857144,1.7142857142857144,1.7142857142857144,1.7142857142857144,1.7142857142857144,1.7142857142857144,1.7142857142857144,1.7142857142857144,1.7142857142857144,1.7142857142857144,1.7142857142857144,1.7142857142857144,1.7142857142857144,1.7142857142857144,1.7142857142857144,1.7142857142857144,1.7142857142857144,1.7142857142857144,1.7142857142857144,1.7142857142857144,1.7142857142857144,1.7142857142857144,1.7142857142857144,1.7142857142857144,1.7142857142857144,1.7142857142857144],"edgeChannel":[0,0,0,2,1,0,0,0,2,0,0,1,2,2,2,1,1,1,0,0,0,0,0,0,2,2,0,1,1,0,0,0,2,0,0,1,0,0,0,0,0,0,2,0,0,0,1,0],"edgeActive":[false,false,false,true,true,true,false,false,true,false,false,true,true,true,true,true,true,true,false,false,true,false,false,true,true,true,false,true,true,false,false,false,true,false,false,true,false,true,false,true,false,false,true,true,true,true,true,true],"script":[[true,true],[true,false],[true,false]],"maxContraction":[0.35,0.35,0.35,0,0,0.35,0.35,0.35,0.35,0.35,0.35,0.35,0.35,0.35,0.35,0.35,0.35,0.35,0.35,0.35,0.35,0.35,0.35,0.35,0.35,0.35,0.35,0.35,0.35,0.35,0.35,0.35,0.35,0.35,0.35,0.35,0.35,0.35,0.35,0.35,0.35,0.35,0.35,0,0.35,0,0.35,0.35],"vStatus":[0,0,0,0,0,0,0,0,0,0,0,0,0,0,0,0,0,0],"eStatus":[0,0,0,0,0,0,0,0,0,0,0,0,0,0,0,0,0,0,0,0,0,0,0,0,0,0,0,0,0,0,0,0,0,0,0,0,0,0,0,0,0,0,0,0,0,0,0,0],"fStatus":[],"euler":{"_x":0,"_y":0,"_z":0,"_order":"XYZ"},"numChannels":3,"numActions":2,"inflateChannel":[true,false,false,false],"contractionPercent":[0,1,1,1]}