{"v":[[-0.9041871773743346,4.89162824954907e-15,1.3799275920961682],[0.5812924327930648,0.8568298401724173,1.378135198267998],[0.5812924327930676,-0.8568298401723984,1.3781351982679972],[0.08527414897428312,9.364568174298134e-15,2.7779530672938444],[-0.7372426958746051,1.4302623803417611,2.3097415663872183],[-0.7372426958745978,-1.430262380341753,2.3097415663872187],[-0.7937917818826402,1.5209601753223678,0.5981598578668742],[-0.7937917818826336,-1.5209601753223563,0.5981598578668754],[1.7348813393002074,1.242380322043698e-14,2.312672710445798],[1.846589843642537,1.3656846067643961e-14,0.6014908672549492],[2.1952029105929705,-1.4277318456795443,1.4849861236223685],[2.195202910592963,1.4277318456795685,1.484986123622367],[1.3474092565387439,-1.5264296131938837,0],[1.3474092565387357,1.5264296131939057,0],[-2.2045615754098233,1.113252897953874,1.482967040098862],[-2.204561575409816,-1.1132528979538705,1.482967040098861],[-1.8666833886699739,0.32456694156371363,0],[-1.8666833886699716,-0.32456694156370913,0]],"v0":[[-0.9041871773743346,4.89162824954907e-15,1.3799275920961682],[0.5812924327930648,0.8568298401724173,1.378135198267998],[0.5812924327930676,-0.8568298401723984,1.3781351982679972],[0.08527414897428312,9.364568174298134e-15,2.7779530672938444],[-0.7372426958746051,1.4302623803417611,2.3097415663872183],[-0.7372426958745978,-1.430262380341753,2.3097415663872187],[-0.7937917818826402,1.5209601753223678,0.5981598578668742],[-0.7937917818826336,-1.5209601753223563,0.5981598578668754],[1.7348813393002074,1.242380322043698e-14,2.312672710445798],[1.846589843642537,1.3656846067643961e-14,0.6014908672549492],[2.1952029105929705,-1.4277318456795443,1.4849861236223685],[2.195202910592963,1.4277318456795685,1.484986123622367],[1.3474092565387439,-1.5264296131938837,0],[1.3474092565387357,1.5264296131939057,0],[-2.2045615754098233,1.113252897953874,1.482967040098862],[-2.204561575409816,-1.1132528979538705,1.482967040098861],[-1.8666833886699739,0.32456694156371363,0],[-1.8666833886699716,-0.32456694156370913,0]],"e":[[2,1],[2,0],[1,0],[2,3],[1,3],[0,3],[1,4],[0,4],[3,4],[0,5],[2,5],[3,5],[1,6],[0,6],[4,6],[0,7],[2,7],[5,7],[2,8],[1,8],[3,8],[2,9],[1,9],[8,9],[8,10],[2,10],[9,10],[1,11],[8,11],[9,11],[2,12],[9,12],[10,12],[9,13],[1,13],[11,13],[0,14],[4,14],[6,14],[5,15],[0,15],[7,15],[6,16],[0,16],[14,16],[0,17],[7,17],[15,17]],"fixedVs":[false,false,false,false,false,false,false,false,false,false,false,false,false,false,false,false,false,false],"lMax":[1.7142857142857144,1.7142857142857144,1.7142857142857144,1.7142857142857144,1.7142857142857144,1.7142857142857144,1.7142857142857144,1.7142857142857144,1.7142857142857144,1.7142857142857144,1.7142857142857144,1.7142857142857144,1.7142857142857144,1.7142857142857144,1.7142857142857144,1.7142857142857144,1.7142857142857144,1.7142857142857144,1.7142857142857144,1.7142857142857144,1.7142857142857144,1.7142857142857144,1.7142857142857144,1.7142857142857144,1.7142857142857144,1.7142857142857144,1.7142857142857144,1.7142857142857144,1.7142857142857144,1.7142857142857144,1.7142857142857144,1.7142857142857144,1.7142857142857144,1.7142857142857144,1.7142857142857144,1.7142857142857144,1.7142857142857144,1.7142857142857144,1.7142857142857144,1.7142857142857144,1.7142857142857144,1.7142857142857144,1.7142857142857144,1.7142857142857144,1.7142857142857144,1.7142857142857144,1.7142857142857144,1.7142857142857144],"edgeChannel":[0,0,0,2,1,0,0,0,2,0,0,1,2,2,2,1,1,1,0,0,0,0,0,0,2,2,0,1,1,0,0,0,2,0,0,1,0,0,0,0,0,0,2,0,0,0,1,0],"edgeActive":[false,false,false,true,true,true,false,false,true,false,false,true,true,true,true,true,true,true,false,false,true,false,false,true,true,true,false,true,true,false,false,false,true,false,false,true,false,true,false,true,false,false,true,true,true,true,true,true],"script":[[true,true],[true,true],[true,true]],"maxContraction":[0.35,0.35,0.35,0,0,0.35,0.35,0.35,0.35,0.35,0.35,0.35,0.35,0.35,0.35,0.35,0.35,0.35,0.35,0.35,0.35,0.35,0.35,0.35,0.35,0.35,0.35,0.35,0.35,0.35,0.35,0.35,0.35,0.35,0.35,0.35,0.35,0.35,0.35,0.35,0.35,0.35,0.35,0,0.35,0,0.35,0.35],"vStatus":[0,0,0,0,0,0,0,0,0,0,0,0,0,0,0,0,0,0],"eStatus":[0,0,0,0,0,0,0,0,0,0,0,0,0,0,0,0,0,0,0,0,0,0,0,0,0,0,0,0,0,0,0,0,0,0,0,0,0,0,0,0,0,0,0,0,0,0,0,0],"fStatus":[],"euler":{"_x":0,"_y":0,"_z":1.58519187735043,"_order":"XYZ"},"numChannels":3,"numActions":2,"inflateChannel":[true,true,true,false],"contractionPercent":[0,0,0,1]}