{"v":[[-0.8999491961993304,5.339864014973281e-14,1.380131781887739],[0.5858748669153522,0.8572064949815957,1.378135660084972],[0.5858748669152144,-0.857206494981723,1.3781356600849741],[0.08987460190495936,-2.453987125349908e-14,2.777950817704662],[-0.732615654216215,1.430231556416657,2.309769932852601],[-0.7326156542164393,-1.4302315564165744,2.309769932852597],[-0.7890583621085425,1.5210877948173234,0.5980231343959228],[-0.7890583621087831,-1.5210877948172323,0.5980231343959237],[1.7397710338299661,-1.5274327764847105e-13,2.3128686903155686],[1.8518824275623016,-1.6006816794795906e-13,0.6010265383265777],[2.1998483771588977,-1.4278662031074343,1.4848727933291825],[2.1998483771591233,1.4278662031070555,1.484872793329184],[1.352195267846016,-1.5264190817300884,0],[1.352195267846256,1.5264190817298422,0],[-2.1995360437087976,1.1132525611836346,1.4829179803286843],[-2.199536043708971,-1.1132525611833224,1.4829179803286834],[-1.8619622864137282,0.32455619223708904,0],[-1.8619622864137801,-0.32455619223682836,0]],"v0":[[-0.8999491961993304,5.339864014973281e-14,1.380131781887739],[0.5858748669153522,0.8572064949815957,1.378135660084972],[0.5858748669152144,-0.857206494981723,1.3781356600849741],[0.08987460190495936,-2.453987125349908e-14,2.777950817704662],[-0.732615654216215,1.430231556416657,2.309769932852601],[-0.7326156542164393,-1.4302315564165744,2.309769932852597],[-0.7890583621085425,1.5210877948173234,0.5980231343959228],[-0.7890583621087831,-1.5210877948172323,0.5980231343959237],[1.7397710338299661,-1.5274327764847105e-13,2.3128686903155686],[1.8518824275623016,-1.6006816794795906e-13,0.6010265383265777],[2.1998483771588977,-1.4278662031074343,1.4848727933291825],[2.1998483771591233,1.4278662031070555,1.484872793329184],[1.352195267846016,-1.5264190817300884,0],[1.352195267846256,1.5264190817298422,0],[-2.1995360437087976,1.1132525611836346,1.4829179803286843],[-2.199536043708971,-1.1132525611833224,1.4829179803286834],[-1.8619622864137282,0.32455619223708904,0],[-1.8619622864137801,-0.32455619223682836,0]],"e":[[2,1],[2,0],[1,0],[2,3],[1,3],[0,3],[1,4],[0,4],[3,4],[0,5],[2,5],[3,5],[1,6],[0,6],[4,6],[0,7],[2,7],[5,7],[2,8],[1,8],[3,8],[2,9],[1,9],[8,9],[8,10],[2,10],[9,10],[1,11],[8,11],[9,11],[2,12],[9,12],[10,12],[9,13],[1,13],[11,13],[0,14],[4,14],[6,14],[5,15],[0,15],[7,15],[6,16],[0,16],[14,16],[0,17],[7,17],[15,17]],"fixedVs":[false,false,false,false,false,false,false,false,false,false,false,false,false,false,false,false,false,false],"lMax":[1.7142857142857144,1.7142857142857144,1.7142857142857144,1.7142857142857144,1.7142857142857144,1.7142857142857144,1.7142857142857144,1.7142857142857144,1.7142857142857144,1.7142857142857144,1.7142857142857144,1.7142857142857144,1.7142857142857144,1.7142857142857144,1.7142857142857144,1.7142857142857144,1.7142857142857144,1.7142857142857144,1.7142857142857144,1.7142857142857144,1.7142857142857144,1.7142857142857144,1.7142857142857144,1.7142857142857144,1.7142857142857144,1.7142857142857144,1.7142857142857144,1.7142857142857144,1.7142857142857144,1.7142857142857144,1.7142857142857144,1.7142857142857144,1.7142857142857144,1.7142857142857144,1.7142857142857144,1.7142857142857144,1.7142857142857144,1.7142857142857144,1.7142857142857144,1.7142857142857144,1.7142857142857144,1.7142857142857144,1.7142857142857144,1.7142857142857144,1.7142857142857144,1.7142857142857144,1.7142857142857144,1.7142857142857144],"edgeChannel":[1,0,2,2,0,3,2,2,2,0,0,0,0,3,0,3,2,2,0,2,3,1,1,1,3,0,3,2,3,3,0,0,0,2,2,2,0,2,2,0,2,0,0,3,0,3,2,2],"edgeActive":[true,true,true,true,true,true,true,true,true,true,true,true,true,true,true,true,true,true,true,true,true,true,true,true,true,true,true,true,true,true,true,true,true,true,true,true,true,true,true,true,true,true,true,true,true,true,true,true],"script":[[true,true,true,true],[true,true,true,true],[true,true,true,true],[true,true,true,true]],"maxContraction":[0.15,0.15,0.15,0.15,0.15,0.225,0.15,0.075,0.15,0.075,0.15,0.15,0.15,0.15,0.225,0.15,0.15,0.225,0.15,0.15,0.225,0.15,0.15,0,0.3,0.225,0.15,0.225,0.3,0.15,0.225,0.15,0.075,0.15,0.225,0.075,0.15,0.15,0.15,0.15,0.15,0.15,0.3,0,0.15,0,0.3,0.15],"vStatus":[0,0,0,0,2,2,0,0,2,0,0,0,0,0,0,0,0,0],"eStatus":[0,0,0,0,0,0,0,0,0,0,0,0,0,0,0,0,0,0,0,0,0,0,0,0,0,0,0,0,0,0,0,0,0,0,0,0,0,0,0,0,0,0,0,0,0,0,0,0],"fStatus":[],"euler":{"_x":0,"_y":0,"_z":3.1415926339761007,"_order":"XYZ"},"numChannels":4,"numActions":4,"inflateChannel":[true,true,true,true],"contractionPercent":[0,0,0,0]}