{
  "v": [
    [
      35.7717,
      -113.824,
      -84.2279
    ],
    [
      -113.824,
      -84.2279,
      59.4692
    ],
    [
      -84.2279,
      59.4692,
      -77.7978
    ],
    [
      59.4692,
      -77.7978,
      -70.0564
    ],
    [
      -77.7978,
      -70.0564,
      111.149
    ],
    [
      -70.0564,
      111.149,
      -86.781
    ],
    [
      111.149,
      -86.781,
      -16.4666
    ],
    [
      -86.781,
      -16.4666,
      40.6377
    ],
    [
      -16.4666,
      40.6377,
      -116.481
    ],
    [
      40.6377,
      -116.481,
      75.0162
    ],
    [
      -116.481,
      75.0162,
      54.3504
    ],
    [
      75.0162,
      54.3504,
      -34.845
    ],
    [
      54.3504,
      -34.845,
      -8.24698
    ],
    [
      -34.845,
      -8.24698,
      2.21921
    ],
    [
      -8.24698,
      2.21921,
      -62.002
    ],
    [
      2.21921,
      -62.002,
      -54.7784
    ],
    [
      -62.002,
      -54.7784,
      26.8173
    ],
    [
      -54.7784,
      26.8173,
      -62.404
    ],
    [
      26.8173,
      -62.404,
      55.1595
    ],
    [
      -62.404,
      55.1595,
      -15.2127
    ],
    [
      55.1595,
      -15.2127,
      -49.4585
    ]
  ],
  "f": [
    [
      20,
      2,
      4
    ],
    [
      2,
      4,
      4
    ],
    [
      4,
      4,
      2
    ],
    [
      4,
      2,
      1
    ],
    [
      2,
      1,
      5
    ],
    [
      1,
      5,
      4
    ],
    [
      5,
      4,
      1
    ],
    [
      4,
      1,
      5
    ],
    [
      1,
      5,
      1
    ],
    [
      5,
      1,
      0
    ],
    [
      1,
      0,
      7
    ],
    [
      0,
      7,
      6
    ],
    [
      7,
      6,
      4
    ],
    [
      6,
      4,
      10
    ],
    [
      4,
      10,
      5
    ],
    [
      10,
      5,
      0
    ],
    [
      5,
      0,
      8
    ],
    [
      0,
      8,
      5
    ],
    [
      8,
      5,
      10
    ],
    [
      5,
      10,
      6
    ],
    [
      10,
      6,
      7
    ]
  ],
  "keyPoints": [
    [
      0.5275668581644483,
      0,
      9.504349708296159
    ],
    [
      -0.5440796355740785,
      -1.5263244289055523,
      6.605970756673717
    ],
    [
      -0.5440796355740785,
      1.5263244289055523,
      6.605970756673717
    ],
    [
      -2.8649947109949663,
      0,
      7.3879954740850255
    ],
    [
      0.9505232150905623,
      0,
      3.967170800453738
    ],
    [
      3.488200918354273,
      0,
      5.994268503756234
    ]
  ]
}