{
  "v": [
    [
      5.0059328726164605,
      -1.012530487704213,
      0
    ],
    [
      2.250020974534815,
      -1.5104363241174608,
      0
    ],
    [
      0.963090878554531,
      -1.597928245333082,
      0
    ],
    [
      2.4757448198322614,
      -2.655772036975374,
      0
    ],
    [
      0.45004990668843364,
      -0.24363912509649102,
      0
    ],
    [
      1.6976617437956227,
      -0.49172385423288467,
      0
    ],
    [
      1.6793613835824823,
      0.8528468274542631,
      0
    ],
    [
      1.6866620025853511,
      -0.0271626838038862,
      0
    ],
    [
      2.5461805125685317,
      2.2459370560950536,
      0
    ],
    [
      2.527900415377715,
      1.127872194398428,
      0
    ],
    [
      2.4018014686111426,
      -1.3997239148808869,
      0
    ],
    [
      3.78576683761924,
      -0.14859229849484107,
      0
    ],
    [
      4.014011234294764,
      0.8627005463783859,
      0
    ],
    [
      5.105250288685786,
      0.24737465903130568,
      0
    ],
    [
      3.796919350299622,
      -1.1862569180672085,
      0
    ],
    [
      4.013211832529338,
      1.996968577076375,
      0
    ],
    [
      3.8437777037417304,
      -2.322173706710964,
      0
    ],
    [
      0.9090439943053704,
      1.458108348622901,
      0
    ],
    [
      4.074582792733059,
      0.7091057196838874,
      0
    ],
    [
      2.9601405069985907,
      0.9867622826671955,
      0
    ],
    [
      3.6205924340413445,
      -0.8061641667307045,
      0
    ],
    [
      2.7826153540099017,
      -0.15998888089341295,
      0
    ]
  ],
  "v0": [
    [
      5.0059328726164605,
      -1.012530487704213,
      0
    ],
    [
      2.250020974534815,
      -1.5104363241174608,
      0
    ],
    [
      0.963090878554531,
      -1.597928245333082,
      0
    ],
    [
      2.4757448198322614,
      -2.655772036975374,
      0
    ],
    [
      0.45004990668843364,
      -0.24363912509649102,
      0
    ],
    [
      1.6976617437956227,
      -0.49172385423288467,
      0
    ],
    [
      1.6793613835824823,
      0.8528468274542631,
      0
    ],
    [
      1.6866620025853511,
      -0.0271626838038862,
      0
    ],
    [
      2.5461805125685317,
      2.2459370560950536,
      0
    ],
    [
      2.527900415377715,
      1.127872194398428,
      0
    ],
    [
      2.4018014686111426,
      -1.3997239148808869,
      0
    ],
    [
      3.78576683761924,
      -0.14859229849484107,
      0
    ],
    [
      4.014011234294764,
      0.8627005463783859,
      0
    ],
    [
      5.105250288685786,
      0.24737465903130568,
      0
    ],
    [
      3.796919350299622,
      -1.1862569180672085,
      0
    ],
    [
      4.013211832529338,
      1.996968577076375,
      0
    ],
    [
      3.8437777037417304,
      -2.322173706710964,
      0
    ],
    [
      0.9090439943053704,
      1.458108348622901,
      0
    ],
    [
      4.074582792733059,
      0.7091057196838874,
      0
    ],
    [
      2.9601405069985907,
      0.9867622826671955,
      0
    ],
    [
      3.6205924340413445,
      -0.8061641667307045,
      0
    ],
    [
      2.7826153540099017,
      -0.15998888089341295,
      0
    ]
  ],
  "e": [
    [
      4,
      1
    ],
    [
      4,
      2
    ],
    [
      6,
      4
    ],
    [
      7,
      4
    ],
    [
      12,
      9
    ],
    [
      13,
      0
    ],
    [
      14,
      12
    ],
    [
      16,
      3
    ],
    [
      17,
      9
    ],
    [
      18,
      13
    ],
    [
      19,
      6
    ],
    [
      20,
      0
    ],
    [
      20,
      16
    ],
    [
      20,
      18
    ],
    [
      20,
      19
    ],
    [
      21,
      0
    ],
    [
      21,
      2
    ],
    [
      21,
      6
    ],
    [
      21,
      17
    ],
    [
      21,
      18
    ],
    [
      21,
      19
    ],
    [
      21,
      20
    ],
    [
      2,
      1
    ],
    [
      5,
      1
    ],
    [
      5,
      4
    ],
    [
      9,
      7
    ],
    [
      9,
      8
    ],
    [
      10,
      7
    ],
    [
      11,
      7
    ],
    [
      11,
      9
    ],
    [
      11,
      10
    ],
    [
      12,
      11
    ],
    [
      13,
      12
    ],
    [
      14,
      11
    ],
    [
      15,
      12
    ],
    [
      16,
      0
    ],
    [
      16,
      14
    ],
    [
      17,
      8
    ],
    [
      18,
      0
    ],
    [
      18,
      15
    ],
    [
      19,
      5
    ],
    [
      19,
      8
    ],
    [
      19,
      18
    ],
    [
      21,
      5
    ],
    [
      21,
      7
    ],
    [
      21,
      8
    ],
    [
      21,
      9
    ],
    [
      21,
      11
    ],
    [
      21,
      12
    ],
    [
      21,
      13
    ],
    [
      21,
      15
    ],
    [
      3,
      1
    ],
    [
      3,
      2
    ],
    [
      6,
      5
    ],
    [
      7,
      2
    ],
    [
      8,
      6
    ],
    [
      10,
      2
    ],
    [
      10,
      3
    ],
    [
      14,
      0
    ],
    [
      14,
      3
    ],
    [
      14,
      10
    ],
    [
      14,
      13
    ],
    [
      15,
      8
    ],
    [
      15,
      9
    ],
    [
      15,
      13
    ],
    [
      16,
      1
    ],
    [
      17,
      4
    ],
    [
      17,
      6
    ],
    [
      17,
      7
    ],
    [
      18,
      8
    ],
    [
      20,
      1
    ],
    [
      20,
      5
    ],
    [
      21,
      1
    ],
    [
      21,
      3
    ],
    [
      21,
      4
    ],
    [
      21,
      10
    ],
    [
      21,
      14
    ],
    [
      21,
      16
    ]
  ],
  "fixedVs": [
    false,
    false,
    false,
    false,
    false,
    false,
    false,
    false,
    false,
    false,
    false,
    false,
    false,
    false,
    false,
    false,
    false,
    false,
    false,
    false,
    false,
    false
  ],
  "lMax": [
    1.7142857142857144,
    1.7142857142857144,
    1.7142857142857144,
    1.7142857142857144,
    1.7142857142857144,
    1.7142857142857144,
    1.7142857142857144,
    1.7142857142857144,
    1.7142857142857144,
    1.7142857142857144,
    1.7142857142857144,
    1.7142857142857144,
    1.7142857142857144,
    1.7142857142857144,
    1.7142857142857144,
    1.7142857142857144,
    1.7142857142857144,
    1.7142857142857144,
    1.7142857142857144,
    1.7142857142857144,
    1.7142857142857144,
    1.7142857142857144,
    1.7142857142857144,
    1.7142857142857144,
    1.7142857142857144,
    1.7142857142857144,
    1.7142857142857144,
    1.7142857142857144,
    1.7142857142857144,
    1.7142857142857144,
    1.7142857142857144,
    1.7142857142857144,
    1.7142857142857144,
    1.7142857142857144,
    1.7142857142857144,
    1.7142857142857144,
    1.7142857142857144,
    1.7142857142857144,
    1.7142857142857144,
    1.7142857142857144,
    1.7142857142857144,
    1.7142857142857144,
    1.7142857142857144,
    1.7142857142857144,
    1.7142857142857144,
    1.7142857142857144,
    1.7142857142857144,
    1.7142857142857144,
    1.7142857142857144,
    1.7142857142857144,
    1.7142857142857144,
    1.7142857142857144,
    1.7142857142857144,
    1.7142857142857144,
    1.7142857142857144,
    1.7142857142857144,
    1.7142857142857144,
    1.7142857142857144,
    1.7142857142857144,
    1.7142857142857144,
    1.7142857142857144,
    1.7142857142857144,
    1.7142857142857144,
    1.7142857142857144,
    1.7142857142857144,
    1.7142857142857144,
    1.7142857142857144,
    1.7142857142857144,
    1.7142857142857144,
    1.7142857142857144,
    1.7142857142857144,
    1.7142857142857144,
    1.7142857142857144,
    1.7142857142857144,
    1.7142857142857144,
    1.7142857142857144,
    1.7142857142857144,
    1.7142857142857144
  ],