{
  "v": [
    [
      8.891891479492188,
      -1.3173253059387209,
      -6.9424789428710945
    ],
    [
      0.17753655910491944,
      -4.382270050048828,
      -4.960159683227539
    ],
    [
      -0.5554390907287597,
      -4.392632293701172,
      -10.156642150878907
    ],
    [
      2.8617385864257816,
      -6.738230895996094,
      -9.105890655517578
    ],
    [
      -3.543659210205078,
      -0.9659933090209961,
      -8.391306304931641
    ],
    [
      -1.2170177459716798,
      0.27360992431640624,
      -3.956681823730469
    ],
    [
      -1.0113235473632813,
      4.286569595336914,
      -6.937313079833984
    ],
    [
      -1.385615348815918,
      -0.9997147560119629,
      -14.001582336425782
    ],
    [
      3.2510139465332033,
      6.001299285888672,
      -9.31849594116211
    ],
    [
      2.276831436157227,
      3.5550785064697266,
      -14.56589813232422
    ],
    [
      2.5301502227783206,
      -5.270498657226563,
      -13.041880798339845
    ],
    [
      4.1246788024902346,
      -1.9108808517456055,
      -15.209487915039062
    ],
    [
      7.085853576660156,
      0.4611371994018555,
      -14.108450317382813
    ],
    [
      8.35871810913086,
      0.7122460842132569,
      -10.14750213623047
    ],
    [
      7.1176910400390625,
      -4.226132965087891,
      -11.802970123291017
    ],
    [
      6.667335510253906,
      5.032184219360352,
      -11.140329742431641
    ],
    [
      4.757537460327149,
      -5.604508209228516,
      -6.223822784423828
    ],
    [
      -2.0838321685791015,
      4.003435516357422,
      -10.67314682006836
    ],
    [
      6.8406524658203125,
      3.2681907653808597,
      -5.8025257110595705
    ],
    [
      2.1453819274902344,
      4.412762832641602,
      -4.992316436767578
    ],
    [
      4.348031616210938,
      -0.6597586631774903,
      -2.78759822845459
    ],
    [
      2.169713406820831,
      0.004551726600880102,
      -8.284036230459492
    ]
  ],
  "e": [
    [
      4,
      1
    ],
    [
      4,
      2
    ],
    [
      6,
      4
    ],
    [
      7,
      4
    ],
    [
      12,
      9
    ],
    [
      13,
      0
    ],
    [
      14,
      12
    ],
    [
      16,
      3
    ],
    [
      17,
      9
    ],
    [
      18,
      13
    ],
    [
      19,
      6
    ],
    [
      20,
      0
    ],
    [
      20,
      16
    ],
    [
      20,
      18
    ],
    [
      20,
      19
    ],
    [
      21,
      0
    ],
    [
      21,
      2
    ],
    [
      21,
      6
    ],
    [
      21,
      17
    ],
    [
      21,
      18
    ],
    [
      21,
      19
    ],
    [
      21,
      20
    ],
    [
      2,
      1
    ],
    [
      5,
      1
    ],
    [
      5,
      4
    ],
    [
      9,
      7
    ],
    [
      9,
      8
    ],
    [
      10,
      7
    ],
    [
      11,
      7
    ],
    [
      11,
      9
    ],
    [
      11,
      10
    ],
    [
      12,
      11
    ],
    [
      13,
      12
    ],
    [
      14,
      11
    ],
    [
      15,
      12
    ],
    [
      16,
      0
    ],
    [
      16,
      14
    ],
    [
      17,
      8
    ],
    [
      18,
      0
    ],
    [
      18,
      15
    ],
    [
      19,
      5
    ],
    [
      19,
      8
    ],
    [
      19,
      18
    ],
    [
      21,
      5
    ],
    [
      21,
      7
    ],
    [
      21,
      8
    ],
    [
      21,
      9
    ],
    [
      21,
      11
    ],
    [
      21,
      12
    ],
    [
      21,
      13
    ],
    [
      21,
      15
    ],
    [
      3,
      1
    ],
    [
      3,
      2
    ],
    [
      6,
      5
    ],
    [
      7,
      2
    ],
    [
      8,
      6
    ],
    [
      10,
      2
    ],
    [
      10,
      3
    ],
    [
      14,
      0
    ],
    [
      14,
      3
    ],
    [
      14,
      10
    ],
    [
      14,
      13
    ],
    [
      15,
      8
    ],
    [
      15,
      9
    ],
    [
      15,
      13
    ],
    [
      16,
      1
    ],
    [
      17,
      4
    ],
    [
      17,
      6
    ],
    [
      17,
      7
    ],
    [
      18,
      8
    ],
    [
      20,
      1
    ],
    [
      20,
      5
    ],
    [
      21,
      1
    ],
    [
      21,
      3
    ],
    [
      21,
      4
    ],
    [
      21,
      10
    ],
    [
      21,
      14
    ],
    [
      21,
      16
    ]
  ],
  "edgeChannel": [
    0,
    0,
    0,
    0,
    0,
    0,
    0,
    0,
    0,
    0,
    0,
    0,
    0,
    0,
    0,
    0,
    0,
    0,
    0,
    0,
    0,
    0,
    1,
    1,
    1,
    1,
    1,
    1,
    1,
    1,
    1,
    1,
    1,
    1,
    1,
    1,
    1,
    1,
    1,
    1,
    1,
    1,
    1,
    1,
    1,
    1,
    1,
    1,
    1,
    1,
    1,
    2,
    2,
    2,
    2,
    2,
    2,
    2,
    2,
    2,
    2,
    2,
    2,
    2,
    2,
    2,
    2,
    2,
    2,
    2,
    2,
    2,
    2,
    2,
    2,
    2,
    2,
    2
  ],
  "lMax": [
    6.106636706440775,
    4.877266125890548,
    6.009678633019165,
    6.011113673290853,
    5.736586551497579,
    3.8308755579576603,
    5.223672476748488,
    3.6312113287948486,
    5.8625867892132035,
    5.264617426354903,
    3.709949612818372,
    6.192099005817072,
    6.035385845874574,
    5.54362094109852,
    5.953395867472195,
    6.981032365326838,
    5.5016666907847425,
    5.50166669078474,
    6.308056034576993,
    6.215054780629704,
    5.50166669078474,
    5.949555380464296,
    5.247932041857123,
    4.962758090014434,
    5.159047486548214,
    5.871806402991264,
    5.870967332645991,
    5.873145850799302,
    5.714245459794177,
    5.805640309504244,
    4.3044249096468015,
    3.9506087467126294,
    4.1680151491839785,
    5.091451469664515,
    5.466202335994191,
    5.999107189917563,
    6.212658711234307,
    5.855520618805465,
    5.1511195387272135,
    5.624398950119136,
    5.432389659653865,
    4.7393775254848745,
    4.900209149966225,
    5.50166669078474,
    6.807293676829832,
    6.18063904787145,
    7.216613031116071,
    7.4466537918653035,
    7.635489762905293,
    6.502085487824879,
    7.325578864094958,
    5.471981115255689,
    4.275864215025457,
    5.003030892313118,
    5.194674876013305,
    5.17473193920403,
    4.314639361133281,
    4.213811477988053,
    5.935766480600495,
    5.630098130350414,
    4.865298563264086,
    5.354279603922211,
    3.9911797050951545,
    5.761326766079572,
    4.744296285321677,
    4.905824987326434,
    5.659780382531092,
    3.8970364873754253,
    6.049586957955028,
    5.719915518868217,
    5.997511427375329,
    5.762612929599966,
    5.853300709335034,
    6.8278445384169775,
    5.796213522294448,
    7.112886627967875,
    7.4002750868758955,
    6.511748316608872
  ],
  "edgeActive": [
    1,
    1,
    1,
    1,
    1,
    1,
    1,
    1,
    1,
    1,
    1,
    1,
    1,
    1,
    1,
    1,
    1,
    1,
    1,
    1,
    1,
    1,
    1,
    1,
    1,
    1,
    1,
    1,
    1,
    1,
    1,
    1,
    1,
    1,
    1,
    1,
    1,
    1,
    1,
    1,
    1,
    1,
    1,
    1,
    1,
    1,
    1,
    1,
    1,
    1,
    1,
    1,
    1,
    1,
    1,
    1,
    1,
    1,
    1,
    1,
    1,
    1,
    1,
    1,
    1,
    1,
    1,
    1,
    1,
    1,
    1,
    1,
    1,
    1,
    1,
    1,
    1,
    1
  ],
  "maxContraction": [
    0,
    0,
    0,
    0,
    0,
    0,
    0,
    0,
    0,
    0,
    0,
    0,
    0,
    0,
    0,
    0,
    0,
    0,
    0,
    0,
    0,
    0,
    0,
    0,
    0,
    0,
    0,
    0,
    0,
    0,
    0,
    0,
    0,
    0,
    0,
    0,
    0,
    0,
    0,
    0,
    0,
    0,
    0,
    0,
    0,
    0,
    0,
    0,
    0,
    0,
    0,
    0,
    0,
    0,
    0,
    0,
    0,
    0,
    0,
    0,
    0,
    0,
    0,
    0,
    0,
    0,
    0,
    0,
    0,
    0,
    0,
    0,
    0,
    0,
    0,
    0,
    0,
    0
  ],