{
  "v": [
    [
      35.771732,
      -113.823631,
      -84.227882
    ],
    [
      59.469219,
      -77.797783,
      -70.056351
    ],
    [
      111.148643,
      -86.780991,
      -16.466566
    ],
    [
      40.637676,
      -116.481201,
      75.016243
    ],
    [
      54.350395,
      -34.844978,
      -8.246984
    ],
    [
      2.219207,
      -62.001995,
      -54.778378
    ],
    [
      26.817274,
      -62.403957,
      55.159534
    ],
    [
      -15.212722,
      -49.458523,
      3.420124
    ],
    [
      -44.295738,
      -104.891327,
      -12.074916
    ],
    [
      -26.047903,
      -133.414337,
      50.042942
    ],
    [
      -6.942989,
      -126.958023,
      -54.907906
    ],
    [
      -17.320192,
      -175.019775,
      -12.496434
    ],
    [
      31.626879,
      -163.023514,
      -65.881233
    ],
    [
      51.558483,
      -190.118591,
      -23.886011
    ],
    [
      28.460394,
      -182.07373,
      44.43848
    ],
    [
      88.573174,
      -176.355621,
      5.764215
    ],
    [
      83.34169,
      -139.25412,
      62.902302
    ],
    [
      104.483978,
      -126.843773,
      8.903076
    ],
    [
      88.971138,
      -147.537125,
      -52.82666
    ],
    [
      -12.641544,
      -86.716415,
      53.582119
    ],
    [
      85.508156,
      -72.53157,
      40.852386
    ]
  ],
  "f": [
    [
      20,
      2,
      4
    ],
    [
      4,
      2,
      1
    ],
    [
      5,
      4,
      1
    ],
    [
      5,
      1,
      0
    ],
    [
      7,
      6,
      4
    ],
    [
      10,
      5,
      0
    ],
    [
      8,
      5,
      10
    ],
    [
      6,
      7,
      19
    ],
    [
      3,
      6,
      19
    ],
    [
      11,
      8,
      10
    ],
    [
      9,
      8,
      11
    ],
    [
      14,
      9,
      11
    ],
    [
      3,
      9,
      14
    ],
    [
      12,
      10,
      0
    ],
    [
      11,
      10,
      12
    ],
    [
      13,
      11,
      12
    ],
    [
      14,
      11,
      13
    ],
    [
      18,
      12,
      0
    ],
    [
      13,
      12,
      18
    ],
    [
      15,
      14,
      13
    ],
    [
      16,
      14,
      15
    ],
    [
      3,
      14,
      16
    ],
    [
      17,
      15,
      18
    ],
    [
      16,
      15,
      17
    ],
    [
      1,
      18,
      0
    ],
    [
      2,
      17,
      18
    ],
    [
      20,
      16,
      17
    ],
    [
      20,
      17,
      2
    ],
    [
      7,
      4,
      5
    ],
    [
      7,
      5,
      8
    ],
    [
      2,
      18,
      1
    ],
    [
      15,
      13,
      18
    ],
    [
      19,
      7,
      8
    ],
    [
      9,
      19,
      8
    ],
    [
      3,
      19,
      9
    ],
    [
      3,
      20,
      6
    ],
    [
      20,
      3,
      16
    ],
    [
      6,
      20,
      4
    ]
  ],
  "keyPoints": [
    [
      28.4,
      -182.0,
      44
    ],
    [
      54,
      -34.85,
      -8.246
    ],
    [
      -44,
      -104,
      -12
    ],
    [
      104,
      -126,
      8.903
    ]
  ]
}