{"v": [[2.0, 0.0, 0.0], [-1.0, 1.73205080757, 0.0], [-1.0, -1.73205080757, 0.0], [0.0, 0.0, 2.0]], "e": [[0, 1], [1, 2], [2, 0], [0, 3], [3, 1], [3, 2]], "lMax": [1, 1, 1, 1, 1, 1]}