{"v":[[-1.873755857370178,0.07267246724716997,0],[-1.0150163785968276,0.08242703376417887,1.482248898500602],[-1.9025997597773625,-1.290045339380023,1.9998711435231573],[-2.7628887854124846,-1.2967812396169431,0.5174958240401106],[-1.04767081721354,-1.335966757091133,0.5159554980823416],[-2.7291285472799216,0.12068763992603503,1.4829366806641353],[-1.8401423826841443,1.5122393141318278,1.9452783599886154],[-2.7004896437013803,1.4995665771035795,0.46296743254078626],[-0.9852556245291559,1.4621880652973704,0.46148429598666657],[-0.1589445167024733,0.03445576762762338,0],[0.6993556692338796,0.044183315503557474,1.4821495454683145],[-0.18853595672033713,-1.3284769498733813,1.9989587622419094],[0.6673468393868867,-1.3743651041974585,0.5155430745188586],[-0.12609522651832267,1.474085306663558,1.9444909471008025],[0.7297240147047369,1.4241325725824916,0.46118722089487196],[1.5551734336591538,-0.0037235246443455996,0],[2.413798956091684,0.0059704205377846195,1.4812585764597455],[1.5256905350833205,-1.366556981714776,1.9986159695747412],[2.3826458060748457,-1.411664638919105,0.5154170494756412],[1.5880976698047171,1.4356747672075132,1.9442634570402684],[2.44490461534384,1.3850543512416644,0.46113285937709625],[-1.48715522850118,-2.153487060327297,1.2759930417549286],[-1.4927480460011462,-2.367599299747953,0.09471867421862232],[0.2279030358559306,-2.1918676197728497,1.275620483871645],[0.22317385010833887,-2.406432319741126,0.09441851407549479],[1.9434143997763818,-2.2294148871864037,1.2753530226195822],[1.9390228128100337,-2.443908673861881,0.09414012119587249],[-1.3872395902013261,2.3274830294322744,1.188710730102169],[-1.3842463089139205,2.4954760705228534,3.8824484386218645e-7],[0.3277723603009083,2.289316705150754,1.1885805434084495],[0.33164941951352467,2.457912501017786,0],[2.0432081357084706,2.250364531036186,1.188530584743804],[2.047345223193135,2.4190597638635336,0]],"v0":[[-1.873755857370178,0.07267246724716997,0],[-1.0150163785968276,0.08242703376417887,1.482248898500602],[-1.9025997597773625,-1.290045339380023,1.9998711435231573],[-2.7628887854124846,-1.2967812396169431,0.5174958240401106],[-1.04767081721354,-1.335966757091133,0.5159554980823416],[-2.7291285472799216,0.12068763992603503,1.4829366806641353],[-1.8401423826841443,1.5122393141318278,1.9452783599886154],[-2.7004896437013803,1.4995665771035795,0.46296743254078626],[-0.9852556245291559,1.4621880652973704,0.46148429598666657],[-0.1589445167024733,0.03445576762762338,0],[0.6993556692338796,0.044183315503557474,1.4821495454683145],[-0.18853595672033713,-1.3284769498733813,1.9989587622419094],[0.6673468393868867,-1.3743651041974585,0.5155430745188586],[-0.12609522651832267,1.474085306663558,1.9444909471008025],[0.7297240147047369,1.4241325725824916,0.46118722089487196],[1.5551734336591538,-0.0037235246443455996,0],[2.413798956091684,0.0059704205377846195,1.4812585764597455],[1.5256905350833205,-1.366556981714776,1.9986159695747412],[2.3826458060748457,-1.411664638919105,0.5154170494756412],[1.5880976698047171,1.4356747672075132,1.9442634570402684],[2.44490461534384,1.3850543512416644,0.46113285937709625],[-1.48715522850118,-2.153487060327297,1.2759930417549286],[-1.4927480460011462,-2.367599299747953,0.09471867421862232],[0.2279030358559306,-2.1918676197728497,1.275620483871645],[0.22317385010833887,-2.406432319741126,0.09441851407549479],[1.9434143997763818,-2.2294148871864037,1.2753530226195822],[1.9390228128100337,-2.443908673861881,0.09414012119587249],[-1.3872395902013261,2.3274830294322744,1.188710730102169],[-1.3842463089139205,2.4954760705228534,3.8824484386218645e-7],[0.3277723603009083,2.289316705150754,1.1885805434084495],[0.33164941951352467,2.457912501017786,0],[2.0432081357084706,2.250364531036186,1.188530584743804],[2.047345223193135,2.4190597638635336,0]],"e":[[13,8],[24,23],[7,8],[9,10],[2,11],[13,19],[16,19],[22,21],[14,30],[16,20],[2,21],[29,8],[30,8],[19,10],[5,1],[2,3],[15,10],[0,5],[1,6],[4,21],[15,16],[16,17],[9,1],[4,0],[5,7],[6,7],[23,4],[10,12],[2,5],[3,4],[14,9],[20,31],[18,26],[1,8],[10,11],[14,20],[16,18],[6,13],[18,17],[11,23],[25,12],[26,12],[6,27],[8,27],[28,27],[12,9],[9,4],[18,15],[19,14],[13,1],[27,7],[8,0],[0,3],[4,2],[6,5],[17,25],[18,25],[10,14],[12,24],[1,10],[10,16],[12,18],[20,19],[11,17],[13,29],[8,28],[14,29],[12,23],[20,15],[32,31],[17,10],[12,11],[21,3],[22,3],[30,29],[15,14],[8,14],[0,1],[1,2],[10,13],[4,12],[28,7],[32,14],[20,32],[9,8],[19,31],[4,22],[31,14],[24,4],[8,6],[17,12],[11,4],[5,3],[11,1],[14,13],[15,12],[26,25],[0,7],[1,4]],"fixedVs":[false,false,false,false,false,false,false,false,false,false,false,false,false,false,false,false,false,false,false,false,false,false,false,false,false,false,false,false,false,false,false,false,false],"lMax":[1.7142857142857144,1.7142857142857144,1.7142857142857144,1.7142857142857144,1.7142857142857144,1.7142857142857144,1.7142857142857144,1.7142857142857144,1.7142857142857144,1.7142857142857144,1.7142857142857144,1.7142857142857144,1.7142857142857144,1.7142857142857144,1.7142857142857144,1.7142857142857144,1.7142857142857144,1.7142857142857144,1.7142857142857144,1.7142857142857144,1.7142857142857144,1.7142857142857144,1.7142857142857144,1.7142857142857144,1.7142857142857144,1.7142857142857144,1.7142857142857144,1.7142857142857144,1.7142857142857144,1.7142857142857144,1.7142857142857144,1.7142857142857144,1.7142857142857144,1.7142857142857144,1.7142857142857144,1.7142857142857144,1.7142857142857144,1.7142857142857144,1.7142857142857144,1.7142857142857144,1.7142857142857144,1.7142857142857144,1.7142857142857144,1.7142857142857144,1.7142857142857144,1.7142857142857144,1.7142857142857144,1.7142857142857144,1.7142857142857144,1.7142857142857144,1.7142857142857144,1.7142857142857144,1.7142857142857144,1.7142857142857144,1.7142857142857144,1.7142857142857144,1.7142857142857144,1.7142857142857144,1.7142857142857144,1.7142857142857144,1.7142857142857144,1.7142857142857144,1.7142857142857144,1.7142857142857144,1.7142857142857144,1.7142857142857144,1.7142857142857144,1.7142857142857144,1.7142857142857144,1.7142857142857144,1.7142857142857144,1.7142857142857144,1.7142857142857144,1.7142857142857144,1.7142857142857144,1.7142857142857144,1.7142857142857144,1.7142857142857144,1.7142857142857144,1.7142857142857144,1.7142857142857144,1.7142857142857144,1.7142857142857144,1.7142857142857144,1.7142857142857144,1.7142857142857144,1.7142857142857144,1.7142857142857144,1.7142857142857144,1.7142857142857144,1.7142857142857144,1.7142857142857144,1.7142857142857144,1.7142857142857144,1.7142857142857144,1.7142857142857144,1.7142857142857144,1.7142857142857144,1.7142857142857144],"edgeChannel":[0,2,0,0,0,0,0,1,1,0,1,0,0,2,0,0,0,0,2,1,0,0,0,0,0,0,0,0,0,0,0,2,1,0,2,0,0,0,0,2,0,0,2,2,2,0,0,0,0,1,0,0,0,0,0,1,1,0,2,0,0,0,0,0,1,2,1,2,0,2,1,0,0,0,1,0,0,0,1,1,0,0,0,2,0,2,1,0,0,0,0,0,0,2,0,0,1,0,0],"edgeActive":[false,true,false,false,false,false,false,true,true,false,true,false,false,false,false,false,false,false,false,true,false,false,false,false,false,false,false,false,false,false,false,true,true,false,false,false,false,false,false,true,false,false,true,true,true,false,false,false,false,false,false,false,false,false,false,true,true,false,true,false,false,false,false,false,true,true,true,true,false,true,false,false,false,false,true,false,false,false,false,false,false,false,false,true,false,true,true,false,false,false,false,false,false,false,false,false,true,false,false],"script":[[false],[false],[false],[false]],"maxContraction":[0.3,0.3,0.3,0.3,0.3,0.3,0.3,0.3,0.3,0.3,0.3,0.3,0.3,0.3,0.3,0.3,0.3,0.3,0.3,0.3,0.3,0.3,0.3,0.3,0.3,0.3,0.3,0.3,0.3,0.3,0.3,0.3,0.3,0.3,0.3,0.3,0.3,0.3,0.3,0.3,0.3,0.3,0.3,0.3,0.3,0.3,0.3,0.3,0.3,0.3,0.3,0.3,0.3,0.3,0.3,0.3,0.3,0.3,0.3,0.3,0.3,0.3,0.3,0.3,0.3,0.3,0.3,0.3,0.3,0.3,0.3,0.3,0.3,0.3,0.3,0.3,0.3,0.3,0.3,0.3,0.3,0.3,0.3,0.3,0.3,0.3,0.3,0.3,0.3,0.3,0.3,0.3,0.3,0.3,0.3,0.3,0.3,0.3,0.3],"vStatus":[0,0,0,0,0,0,0,0,0,0,0,0,0,0,0,0,0,0,0,0,0,0,0,0,0,0,0,0,0,0,0,0,0],