{"v":[[3.6521593492652085,2.683476567976947,0.1951320878545254],[4.465907953988924,2.656908346331943,1.696463147870405],[3.5513913624775295,1.3157508003950125,2.2074425353303146],[2.752657860476301,1.2906181064236832,0.6823621987786117],[4.445536605587319,1.2491572229291,0.7388962295842187],[2.7437667987767607,2.709152745154385,1.6413307333981109],[3.6393667591617334,4.051057204895308,2.2057714166312308],[2.8376739416363286,4.1248789194587765,0.686267918737803],[4.534662099221627,4.068643670839143,0.733104223644175],[5.343277736236635,2.6264272263565953,0.22932498638938573],[6.180994799579727,2.5955732537018363,1.719991215780304],[5.270929270362479,1.249363205346479,2.2374539295280713],[6.143270995025559,1.1857361173414467,0.7498005238528889],[5.359580018915071,4.003693250185702,2.237346689442959],[6.235637604846527,3.9998773969817396,0.7574433900349123],[7.043080263641257,2.5679993194336435,0.24301136132738518],[7.899471354451487,2.54373047561892,1.7237712999845607],[6.988078297103732,1.1904159045003733,2.2440488499606848],[7.848749541987422,1.1349580240732242,0.7566321196416652],[7.077809553476856,3.9487225117571825,2.247106650514549],[7.935495386752346,3.953682859610765,0.7527031770218062],[3.7906103639371085,0.13095065395664932,1.4295936359557566],[3.84701307353185,0.15652949644895495,0],[5.489997444843833,0.0690302478092242,1.4365251863288553],[5.4878700630475095,0.10965712093955342,0],[7.20002046571374,0.01174152049450865,1.436897716754325],[7.2099896135452335,0.07148781812901125,0],[3.9472756094584875,5.220100425103234,1.429801158279371],[3.975603791785801,5.204800665486818,0],[5.662716444752271,5.16518190431637,1.4357803657739137],[5.689138381911872,5.1049359097081055,0],[7.360440975858503,5.112241904891583,1.4381417154385019],[7.349223393327268,5.05893193753684,0]],"e":[[13,8],[24,23],[7,8],[9,10],[2,11],[13,19],[16,19],[22,21],[14,30],[16,20],[2,21],[29,8],[30,8],[19,10],[5,1],[2,3],[15,10],[0,5],[1,6],[4,21],[15,16],[16,17],[9,1],[4,0],[5,7],[6,7],[23,4],[10,12],[2,5],[3,4],[14,9],[20,31],[18,26],[1,8],[10,11],[14,20],[16,18],[6,13],[18,17],[11,23],[25,12],[26,12],[6,27],[8,27],[28,27],[12,9],[9,4],[18,15],[19,14],[13,1],[27,7],[8,0],[0,3],[4,2],[6,5],[17,25],[18,25],[10,14],[12,24],[1,10],[10,16],[12,18],[20,19],[11,17],[13,29],[8,28],[14,29],[12,23],[20,15],[32,31],[17,10],[12,11],[21,3],[22,3],[30,29],[15,14],[8,14],[0,1],[1,2],[10,13],[4,12],[28,7],[32,14],[20,32],[9,8],[19,31],[4,22],[31,14],[24,4],[8,6],[17,12],[11,4],[5,3],[11,1],[14,13],[15,12],[26,25],[0,7],[1,4]],"lMax":[1.7142857142857144,1.7142857142857144,1.7142857142857144,1.7142857142857144,1.7142857142857144,1.7142857142857144,1.7142857142857144,1.7142857142857144,1.7142857142857144,1.7142857142857144,1.7142857142857144,1.7142857142857144,1.7142857142857144,1.7142857142857144,1.7142857142857144,1.7142857142857144,1.7142857142857144,1.7142857142857144,1.7142857142857144,1.7142857142857144,1.7142857142857144,1.7142857142857144,1.7142857142857144,1.7142857142857144,1.7142857142857144,1.7142857142857144,1.7142857142857144,1.7142857142857144,1.7142857142857144,1.7142857142857144,1.7142857142857144,1.7142857142857144,1.7142857142857144,1.7142857142857144,1.7142857142857144,1.7142857142857144,1.7142857142857144,1.7142857142857144,1.7142857142857144,1.7142857142857144,1.7142857142857144,1.7142857142857144,1.7142857142857144,1.7142857142857144,1.7142857142857144,1.7142857142857144,1.7142857142857144,1.7142857142857144,1.7142857142857144,1.7142857142857144,1.7142857142857144,1.7142857142857144,1.7142857142857144,1.7142857142857144,1.7142857142857144,1.7142857142857144,1.7142857142857144,1.7142857142857144,1.7142857142857144,1.7142857142857144,1.7142857142857144,1.7142857142857144,1.7142857142857144,1.7142857142857144,1.7142857142857144,1.7142857142857144,1.7142857142857144,1.7142857142857144,1.7142857142857144,1.7142857142857144,1.7142857142857144,1.7142857142857144,1.7142857142857144,1.7142857142857144,1.7142857142857144,1.7142857142857144,1.7142857142857144,1.7142857142857144,1.7142857142857144,1.7142857142857144,1.7142857142857144,1.7142857142857144,1.7142857142857144,1.7142857142857144,1.7142857142857144,1.7142857142857144,1.7142857142857144,1.7142857142857144,1.7142857142857144,1.7142857142857144,1.7142857142857144,1.7142857142857144,1.7142857142857144,1.7142857142857144,1.7142857142857144,1.7142857142857144,1.7142857142857144,1.7142857142857144,1.7142857142857144],"maxContraction":[0.3,0.3,0.3,0.3,0.3,0.3,0.3,0.3,0.3,0.3,0.3,0.3,0.3,0.3,0.3,0.3,0.3,0.3,0.3,0.3,0.3,0.3,0.3,0.3,0.3,0.3,0.3,0.3,0.3,0.3,0.3,0.3,0.3,0.3,0.3,0.3,0.3,0.3,0.3,0.3,0.3,0.3,0.3,0.3,0.3,0.3,0.3,0.3,0.3,0.3,0.3,0.3,0.3,0.3,0.3,0.3,0.3,0.3,0.3,0.3,0.3,0.3,0.3,0.3,0.3,0.3,0.3,0.3,0.3,0.3,0.3,0.3,0.3,0.3,0.3,0.3,0.3,0.3,0.3,0.3,0.3,0.3,0.3,0.3,0.3,0.3,0.3,0.3,0.3,0.3,0.3,0.3,0.3,0.3,0.3,0.3,0.3,0.3,0.3],"fixedVs":[false,false,false,false,false,false,false,false,false,false,false,false,false,false,false,false,false,false,false,false,false,false,false,false,false,false,false,false,false,false,false,false,false],"edgeChannel":[0,2,0,0,0,0,0,1,1,0,1,0,0,2,0,0,0,0,2,1,0,0,0,0,0,0,0,0,0,0,0,2,1,0,2,0,0,0,0,2,0,0,2,2,2,0,0,0,0,1,0,0,0,0,0,1,1,0,2,0,0,0,0,0,1,2,1,2,0,2,1,0,0,0,1,0,0,0,1,1,0,0,0,2,0,2,1,0,0,0,0,0,0,2,0,0,1,0,0],"edgeActive":[false,true,false,false,false,false,false,true,true,false,true,false,false,false,false,false,false,false,false,true,false,false,false,false,false,false,false,false,false,false,false,true,true,false,false,false,false,false,false,true,false,false,true,true,true,false,false,false,false,false,false,false,false,false,false,true,true,false,true,false,false,false,false,false,true,true,true,true,false,true,false,false,false,false,true,false,false,false,false,false,false,false,false,true,false,true,true,false,false,false,false,false,false,false,false,false,true,false,false]}