{"v":[[0.1561191839126016,-3.70660633674476,1.3184469975297375],[1.0354109109215468,-5.174398414986156,1.3943198225841584],[-0.6656290994893811,-5.2226769958719075,1.2752712507077284],[0.05758560879683738,-4.672788466981724,2.724558208762989],[1.5144282871409092,-3.852899871614592,2.3679284284184177],[-1.1040777129995718,-4.0342627049344015,2.4287344845783565],[1.7336243763976236,-3.777395371641165,0.6702360216408019],[-1.48795597331794,-4.1563606155207635,1.1335612585911683],[0.1601927253737222,-6.32638222303088,2.3095261819274393],[0.23903319270184267,-6.653816319069196,1.0067536971644107],[-1.3550498388563401,-6.752115420311114,1.6284333596447442],[1.7621746300158527,-6.2786401488420935,1.6819756830440442],[-1.088080700066592,-6.288362916495354,0],[1.4824089707715782,-6.063187043963095,0],[1.2324828301761543,-2.3847998394765306,1.5451885876281868],[-1.0834845372021429,-2.5499174978234813,1.568423914082273],[0.5804874697703302,-2.6953763245180977,0],[-1.0132401995531208,-3.425206521795384,0.09598237042313865]],"v0":[[0.1561191839126016,-3.70660633674476,1.3184469975297375],[1.0354109109215468,-5.174398414986156,1.3943198225841584],[-0.6656290994893811,-5.2226769958719075,1.2752712507077284],[0.05758560879683738,-4.672788466981724,2.724558208762989],[1.5144282871409092,-3.852899871614592,2.3679284284184177],[-1.1040777129995718,-4.0342627049344015,2.4287344845783565],[1.7336243763976236,-3.777395371641165,0.6702360216408019],[-1.48795597331794,-4.1563606155207635,1.1335612585911683],[0.1601927253737222,-6.32638222303088,2.3095261819274393],[0.23903319270184267,-6.653816319069196,1.0067536971644107],[-1.3550498388563401,-6.752115420311114,1.6284333596447442],[1.7621746300158527,-6.2786401488420935,1.6819756830440442],[-1.088080700066592,-6.288362916495354,0],[1.4824089707715782,-6.063187043963095,0],[1.2324828301761543,-2.3847998394765306,1.5451885876281868],[-1.0834845372021429,-2.5499174978234813,1.568423914082273],[0.5804874697703302,-2.6953763245180977,0],[-1.0132401995531208,-3.425206521795384,0.09598237042313865]],"e":[[2,1],[2,0],[1,0],[2,3],[1,3],[0,3],[1,4],[0,4],[3,4],[0,5],[2,5],[3,5],[1,6],[0,6],[4,6],[0,7],[2,7],[5,7],[2,8],[1,8],[3,8],[2,9],[1,9],[8,9],[8,10],[2,10],[9,10],[1,11],[8,11],[9,11],[2,12],[9,12],[10,12],[9,13],[1,13],[11,13],[0,14],[4,14],[6,14],[5,15],[0,15],[7,15],[6,16],[0,16],[14,16],[0,17],[7,17],[15,17]],"fixedVs":[false,false,false,false,false,false,false,false,false,false,false,false,false,false,false,false,false,false],"lMax":[1.7142857142857144,1.7142857142857144,1.7142857142857144,1.7142857142857144,1.7142857142857144,1.7142857142857144,1.7142857142857144,1.7142857142857144,1.7142857142857144,1.7142857142857144,1.7142857142857144,1.7142857142857144,1.7142857142857144,1.7142857142857144,1.7142857142857144,1.7142857142857144,1.7142857142857144,1.7142857142857144,1.7142857142857144,1.7142857142857144,1.7142857142857144,1.7142857142857144,1.7142857142857144,1.7142857142857144,1.7142857142857144,1.7142857142857144,1.7142857142857144,1.7142857142857144,1.7142857142857144,1.7142857142857144,1.7142857142857144,1.7142857142857144,1.7142857142857144,1.7142857142857144,1.7142857142857144,1.7142857142857144,1.7142857142857144,1.7142857142857144,1.7142857142857144,1.7142857142857144,1.7142857142857144,1.7142857142857144,1.7142857142857144,1.7142857142857144,1.7142857142857144,1.7142857142857144,1.7142857142857144,1.7142857142857144],"edgeChannel":[0,1,2,2,1,0,2,2,2,1,1,1,2,2,2,1,1,1,1,2,0,2,1,1,2,2,2,1,1,1,2,2,0,1,1,0,0,0,0,0,0,0,2,0,0,0,1,0],"edgeActive":[false,false,false,false,false,true,false,false,true,false,false,true,true,false,true,false,true,true,false,false,true,false,false,true,false,true,false,true,false,false,false,false,true,false,false,true,false,false,false,false,false,false,true,false,false,false,true,false],"script":[[true,true,true,true],[true,false,true,true],[true,true,true,false]],"maxContraction":[0.35,0.35,0.35,0.075,0.075,0.35,0.35,0.35,0.35,0.35,0.35,0.35,0.35,0.35,0.35,0.35,0.35,0.35,0.35,0.35,0.35,0.35,0.35,0.35,0.35,0.35,0.35,0.35,0.35,0.35,0.35,0.35,0.35,0.35,0.35,0.35,0.35,0.3,0.35,0.3,0.35,0.35,0.35,0,0,0,0.35,0],"vStatus":[0,0,0,0,0,0,0,0,0,0,0,0,0,0,0,0,0,0],"eStatus":[0,0,0,0,0,0,0,0,0,0,0,0,0,0,0,0,0,0,0,0,0,0,0,2,0,0,0,0,0,0,0,0,0,0,0,0,0,0,0,0,0,0,0,0,0,0,0,0],"fStatus":[],"euler":{"_x":0,"_y":0,"_z":0,"_order":"XYZ"},"numChannels":3,"numActions":4,"inflateChannel":[true,true,true,false,false],"contractionPercent":[0,0.5999999999999996,0,1,1],"v_frames":[]}