{"v":[[2.061923872676607,0.8799962152593361,7.102459426758513],[1.0033897362268525,1.4380441278434621,7.194013471915024],[1.368494937984207,1.014321988386323,6.132198104660887],[1.0347993940371412,0.2616625828854725,7.051732919210627],[1.4039667098871962,0.7577779403481603,8.081478473896194],[0.22480377552947187,0.7740448754257953,7.784338721718077],[0.7429955726997101,-0.23313605288609413,8.134346694690272],[0.5805762920474355,0.673750090369899,8.920379004221004],[-0.36222585114235367,0.03884606092008422,8.529591589485708],[0.42432173702526205,-0.452035586408843,9.28080395509192],[-0.30913797178320007,0.4315082651510724,9.662897756436882],[-0.7480617152601374,-0.6573413158430382,9.436406712739135],[-0.03753607037595733,-0.4794725836644786,10.387723423719361],[-1.1518784252746288,-0.02300444707708506,10.374471257021495],[-0.9874948226634607,-1.2031766909968393,10.482884684426278],[-0.6942720093839271,-0.46840271373894643,11.388913498306469],[-1.8480089007636935,-0.6558055129217849,11.117099362925813],[-1.1989493555853097,-1.5309192912097802,11.618646240347955],[-1.5077069058812147,-0.5666579518427152,12.264396209321774]],"v0":[[2.061923872676607,0.8799962152593361,0.9702613220976257],[1.0033897362268525,1.4380441278434621,1.0618153672541375],[1.368494937984207,1.014321988386323,0],[1.0347993940371412,0.2616625828854725,0.9195348145497402],[1.4039667098871962,0.7577779403481603,1.9492803692353071],[0.22480377552947187,0.7740448754257953,1.6521406170571904],[0.7429955726997101,-0.23313605288609413,2.0021485900293854],[0.5805762920474355,0.673750090369899,2.7881808995601176],[-0.36222585114235367,0.03884606092008422,2.3973934848248213],[0.42432173702526205,-0.452035586408843,3.148605850431034],[-0.30913797178320007,0.4315082651510724,3.530699651775995],[-0.7480617152601374,-0.6573413158430382,3.3042086080782482],[-0.03753607037595733,-0.4794725836644786,4.255525319058474],[-1.1518784252746288,-0.02300444707708506,4.2422731523606085],[-0.9874948226634607,-1.2031766909968393,4.350686579765391],[-0.6942720093839271,-0.46840271373894643,5.256715393645582],[-1.8480089007636935,-0.6558055129217849,4.984901258264927],[-1.1989493555853097,-1.5309192912097802,5.486448135687068],[-1.5077069058812147,-0.5666579518427152,6.132198104660887]],"e":[[0,1],[1,2],[2,0],[0,3],[1,3],[2,3],[0,4],[1,4],[3,4],[1,5],[3,5],[4,5],[3,6],[4,6],[5,6],[4,7],[5,7],[6,7],[5,8],[6,8],[7,8],[6,9],[7,9],[8,9],[7,10],[8,10],[9,10],[8,11],[9,11],[10,11],[9,12],[10,12],[11,12],[10,13],[11,13],[12,13],[11,14],[12,14],[13,14],[12,15],[13,15],[14,15],[13,16],[14,16],[15,16],[14,17],[15,17],[16,17],[15,18],[16,18],[17,18]],"fixedVs":[true,true,true,true,false,false,false,false,false,false,false,false,false,false,false,false,false,false,false],"lMax":[1.7142857142857144,1.7142857142857144,1.7142857142857144,1.7142857142857144,1.7142857142857144,1.7142857142857144,1.7142857142857144,1.7142857142857144,1.7142857142857144,1.7142857142857144,1.7142857142857144,1.7142857142857144,1.7142857142857144,1.7142857142857144,1.7142857142857144,1.7142857142857144,1.7142857142857144,1.7142857142857144,1.7142857142857144,1.7142857142857144,1.7142857142857144,1.7142857142857144,1.7142857142857144,1.7142857142857144,1.7142857142857144,1.7142857142857144,1.7142857142857144,1.7142857142857144,1.7142857142857144,1.7142857142857144,1.7142857142857144,1.7142857142857144,1.7142857142857144,1.7142857142857144,1.7142857142857144,1.7142857142857144,1.7142857142857144,1.7142857142857144,1.7142857142857144,1.7142857142857144,1.7142857142857144,1.7142857142857144,1.7142857142857144,1.7142857142857144,1.7142857142857144,1.7142857142857144,1.7142857142857144,1.7142857142857144,1.7142857142857144,1.7142857142857144,1.7142857142857144],"edgeChannel":[0,0,0,0,0,0,0,0,0,0,0,0,0,0,0,0,0,0,0,0,0,0,0,0,0,0,0,0,0,0,0,0,0,0,0,0,0,0,0,0,0,0,0,0,0,0,0,0,0,0,0],"edgeActive":[true,true,true,true,true,true,true,true,true,true,true,true,true,true,true,true,true,true,true,true,true,true,true,true,true,true,true,true,true,true,true,true,true,true,true,true,true,true,true,true,true,true,true,true,true,true,true,true,true,true,true],"script":[[false],[false],[false],[false],[false]],"maxContraction":[0.3,0.3,0.3,0.3,0.3,0.3,0.3,0.3,0.3,0.3,0.3,0.3,0.3,0.3,0.3,0.3,0.3,0.3,0.3,0.3,0.3,0.3,0.3,0.3,0.3,0.3,0.3,0.3,0.3,0.3,0.3,0.3,0.3,0.3,0.3,0.3,0.3,0.3,0.3,0.3,0.3,0.3,0.3,0.3,0.3,0.3,0.3,0.3,0.3,0.3,0.3],"vStatus":[0,0,0,0,0,0,0,0,0,0,0,0,0,0,0,0,0,0,0],"eStatus":[0,0,0,0,0,0,0,0,0,0,0,0,0,0,0,0,0,0,0,0,0,0,0,0,0,0,0,0,0,0,0,0,0,0,0,0,0,0,0,0,0,0,0,0,0,0,0,0,0,0,0],"fStatus":[0,0,0,0,0,0,0,0,0,0,0,0,0,0,0,0,0,0,0],"euler":{"_x":1.35,"_y":-0.46,"_z":0.87,"_order":"XYZ"},"numChannels":5,"numActions":1,"inflateChannel":[false,false,false,false,false],"contractionPercent":[1,1,1,1,1],"v_frames":[]}