{"v":[[-0.2723382670638225,-1.9922684083598796,0.7796368723953477],[-0.9890665290374717,-1.2699849897122706,0.14401072603161702],[-1.241060250726401,-1.504788527112801,1.2918306539335458],[-0.2970049243047112,-0.8148211502000929,1.0167109429084016],[0.19979412757166756,-1.2136971207557061,0],[-0.4564902383890883,-0.2073071889074292,0],[0.625501115634478,-0.22315761976665344,0.5211700922727543],[-0.2722070358437398,0.3892279910377676,1.0236312140693078],[0.22037205158992415,0.7790035898317405,0],[0.8388842348596309,0.846486751213747,1.023301273750332],[-0.10468552699810711,1.5653390912579448,0.8435303127570998],[0.9069522119410831,1.7363108118378214,0.21896624825950442],[0.875820106586342,1.9884859127489933,1.3907600234415363],[-1.3685962818060795,-2.3625015081320653,0.46098151295920975]],"v0":[[-0.2723382670638225,-1.9922684083598796,0.7796368723953477],[-0.9890665290374717,-1.2699849897122706,0.14401072603161702],[-1.241060250726401,-1.504788527112801,1.2918306539335458],[-0.2970049243047112,-0.8148211502000929,1.0167109429084016],[0.19979412757166756,-1.2136971207557061,0],[-0.4564902383890883,-0.2073071889074292,0],[0.625501115634478,-0.22315761976665344,0.5211700922727543],[-0.2722070358437398,0.3892279910377676,1.0236312140693078],[0.22037205158992415,0.7790035898317405,0],[0.8388842348596309,0.846486751213747,1.023301273750332],[-0.10468552699810711,1.5653390912579448,0.8435303127570998],[0.9069522119410831,1.7363108118378214,0.21896624825950442],[0.875820106586342,1.9884859127489933,1.3907600234415363],[-1.3685962818060795,-2.3625015081320653,0.46098151295920975]],"e":[[0,1],[1,2],[2,0],[0,3],[1,3],[2,3],[0,4],[1,4],[3,4],[1,5],[3,5],[4,5],[3,6],[4,6],[5,6],[3,7],[5,7],[6,7],[5,8],[6,8],[7,8],[6,9],[7,9],[8,9],[7,10],[8,10],[9,10],[8,11],[9,11],[10,11],[9,12],[10,12],[11,12],[0,13],[1,13],[2,13]],"fixedVs":[false,false,false,false,false,false,false,false,false,false,false,false,false,false],"lMax":[1.7142857142857144,1.7142857142857144,1.7142857142857144,1.7142857142857144,1.7142857142857144,1.7142857142857144,1.7142857142857144,1.7142857142857144,1.7142857142857144,1.7142857142857144,1.7142857142857144,1.7142857142857144,1.7142857142857144,1.7142857142857144,1.7142857142857144,1.7142857142857144,1.7142857142857144,1.7142857142857144,1.7142857142857144,1.7142857142857144,1.7142857142857144,1.7142857142857144,1.7142857142857144,1.7142857142857144,1.7142857142857144,1.7142857142857144,1.7142857142857144,1.7142857142857144,1.7142857142857144,1.7142857142857144,1.7142857142857144,1.7142857142857144,1.7142857142857144,1.7142857142857144,1.7142857142857144,1.7142857142857144],"edgeChannel":[0,0,0,0,0,0,0,0,0,0,0,0,0,0,0,0,0,0,0,0,0,0,0,0,0,0,0,0,0,0,0,0,0,0,0,0],"edgeActive":[true,true,true,true,true,true,true,true,true,true,true,true,true,true,true,true,true,true,true,true,true,true,true,true,true,true,true,true,true,true,true,true,true,true,true,true],"script":[[false],[false],[false],[false],[false]],"maxContraction":[0.3,0.3,0.3,0.3,0.3,0.3,0.3,0.3,0.3,0.3,0.3,0.3,0.3,0.3,0.3,0.3,0.3,0.3,0.3,0.3,0.3,0.3,0.3,0.3,0.3,0.3,0.3,0.3,0.3,0.3,0.3,0.3,0.3,0.3,0.3,0.3],"vStatus":[0,0,0,0,0,0,0,0,0,0,0,0,0,0],"eStatus":[0,0,0,0,0,0,0,0,0,0,0,0,0,0,0,0,0,0,0,0,0,0,0,0,0,0,0,0,0,0,0,0,0,0,0,0],"fStatus":[0,0,0,0,0,0,0,0,0,0,0,0,0],"euler":{"_x":0,"_y":0,"_z":0,"_order":"XYZ"},"numChannels":5,"numActions":1,"inflateChannel":[false,false,false,false,false],"contractionPercent":[1,1,1,1,1],"v_frames":[]}